account,followers,post_url,views,likes,comments,shares,repost,video_text
homero_io,149000,https://www.instagram.com/reel/DDmxTQBMnMG/?igsh=MXJwbzRpYm5wczNlcw==,387000,13900,35400,2454,41,می‌تونی تصور کنی یه ارز از اینجا چهار هزار درصد رشد بکنه و شما اگر سیصد دلار پول توش بذاری بتونی خیلی سریع دوازده هزار دلار پول از توش بکشی بیرون، سود عالی ببری. می‌خوام یه ارزی رو بهتون معرفی بکنم  که می‌تونه تو مرحله اول هفتصد درصد رشد بکنه و تو مرحله دوم تا چهار هزار درصد رشد داشته باشه. ما قبل از این ارزهای دیگه هم بهتون معرفی کرده بودیم که سیصد درصد، چهارصد  درصد رشد داشتن مثل SUIE، مثل BONK، مثل WIF و خیلی ارزهای دیگه. این ارز اگر می‌خوای بدونی چیه بیا رو چارت با همدیگه نگاه کنیم ببینیم الان وضعیتش به چه ترتیبه. این ارز رو رو چارت نگاه کنید به  یک محدوده حمایتی مناسبی برگشته به سمت بالا و اگر شما رو محدوده بیست دلار که احتمالا برمی‌گرده بهش خرید کنید، می‌تونه تا سقفش حداقل حدود هفتصد درصد رشد داشته باشه و اگر به اندازه دیگه صعودی قبلی بخواد  رشد بکنه می‌تونه تا چهار هزار درصد رشد داشته باشه. پس یادتون نره این ارز رو حتما باید رو محدوده بیست دلار خرید کنید. همینطور این ارز فاندامنتال بسیار خوبی داره و می‌تونه تضمین کنه روند صعودی این ارز رو  و به اون اعداد بالا برسه. اسم این ارز اگر می‌خوای لطفا عدد هفتصد رو برای من کامنت کن اطلاعات این ارز رو برات می‌فرستم. یادت نره حتما این پست رو لایک کنی برای دوستاتم ارسال کنی تا اون‌ها هم  از این سود بتونن استفاده کنن. آینده رو با هم بسازیم.
homero_io,149000,https://www.instagram.com/reel/C4qcKN7ifhQ/?igsh=MTFoeTkxdDBmYnY2Ng==,753000,12500,28800,46,14,Halving پنجاه و سوم بهش ما اتفاق می‌افته. ما داریم روزبه‌روز به تاریخ Halving نزدیک‌تر میشیم. خیلی از دوستان شما سؤال می‌کنن ما باید چه ارزهایی رو بخریم. همونجوری که تو پست‌های قبل بهتون گفتیم که چه زمانی از بازار خارج بشید، امیدوارم استفاده کرده  باشید، حتما یه سبد ارزی بهتون معرفی می‌کنیم که بخرید و سود خیلی خوبی بکنید. تو Bull Run قبلی یه سری از ارزها رشد ده برابری، بیست برابری داشتن مثل Floki، مثل WIF. اما بعضی ارزها هم فقط به سقف قبلی خودشون رسیدن مثل بیت‌کوین یا اتریوم.  اما خیلی از ارزها هم بودن که اونقدری رشد نکردن. فاصله زیادی تا سقف تاریخیشون دارن. من می‌خوام امروز یک بخش از سبد ارز رو بهتون معرفی بکنم که پتانسیل رشد خیلی بالایی داره. این ارزهایی که می‌خوام بهت معرفی بکنم، ارزهایی  هستن که توی Halving می‌تونی خریداریشون کنی و رشد چندین برابری تا حتی ده یا بیست برابر می‌تونن داشته باشن. پس اگر می‌خوای بدونی لیست این ارزها چیاست، کلمه تاریخ رو برام بفرست، فهرست این ارزها به  اضافه بهترین زمان برای خریدش برات می‌فرستم.
homero_io,149000,https://www.instagram.com/reel/DaBN4haM6ZZ/?igsh=Y2xpcnQ3dDZmNHd6,366000,6800,3200,1689,120,صعود مجدد طلا. مراقب باش جا نمونی از بازار. تا آخر این ویدیو من همراه باش تا بهت بگم چه اتفاقی دقیقا داره برای بازار طلا می‌افته. توجه داشته باش.  علیرغم کاهش قیمت طلا که قبلاً تو پست‌های قبلی هم بهت گفتم که احتمالا تا محدوده سه هزار و نهصد دلار، سه هزار و هشتصد و پنجاه دلار میاد، دیشب این اتفاق افتاد و تا محدوده سه هزار و نهصد  و شصت و هفتاد دلار اومدیم. ممکنه یه پایین دیگه بزنیم حتی تا سه هزار و نهصد دلار هم پایین بیاد. اما چه اتفاقی داره می‌افته؟ اتفاقی که داره می‌افته اینه آمار و اطلاعات داره نشون میده علیرغم کاهش قیمت،  تقاضا برای اونس جهانی داره افزایش پیدا می‌کنه و این خودش می‌تونه محرکی باشه برای رشد قیمت طلا. اما داخل کشور داره چه اتفاقی می‌افته؟ قیمت تتر و دلار تا محدوده صد و پنجاه و پنج هزار تومن اومد پایین و همونجوری  که باز بهت گفته بودم تو اون قیمت‌ها نموند و برگشت به سمت بالا و امروزی که داریم با هم حرف می‌زنیم حدود صد و شصت و هفت هزار تومنه. بازار امروز بسته است به خاطر عاشورا.  باید صبر کنیم ببینیم روز شنبه چه اتفاقی می‌افته. اما احتمال اینکه پایین بیاد بسیار پایینه. خب قبلاً بهت گفتم طلا، نقره تاثیرپذیر از اونس جهانی و قیمت دلارن. وقتی قیمت دلار شروع می‌کنه حرکت کردن، قیمت طلا هم شروع می‌کنه بالا رفتن. حالا ابتدای پست هم بهت گفتم تقاضای جهانی هم داره افزایش پیدا می‌کنه.  پس این اتفاق می‌تونه دوبل بیفته، یعنی طلا می‌تونه دو بار حرکت بکنه؛ هم بر مبنای دلار، هم بر اساس افزایش تقاضا توی طلا. اما یک سناریو منفی هم می‌تونه وجود داشته باشه. اینه که به خاطر افزایش ارزش جهانی  دلار، قیمت طلا افت بکنه و اونجا جاییه که بهتره تو به جای طلا، دلار داشته باشی. خب می‌خوام یه فرمول ساده، یه راهکار ساده بهت یاد بدم که خودت بدون نیاز به  من بتونی بفهمی اگر این اتفاق افتاد، طلاتو می‌تونی تبدیل کنی به دلار و دلار نگه داری به جای طلا. کلمه روش رو همین زیر برای من کامنت کن. یه روشی برات ارسال می‌کنم که خودت بتونی تشخیص بدی  آیا اون طلاتو تبدیل کنی به دلار یا نه. یادت نره حتما این پستو برای دوستت هم بفرست چون خیلی از آدما هستن که نگران قیمت طلان و خیلیا هستن که علاقه‌مندن که رو طلا سرمایه‌گذاری کنن چون پارسال  جا موندن از رشدش و می‌خوان این بار از رشدش دیگه جا نمونن. موفق باشی.
homero_io,149000,https://www.instagram.com/reel/DZxr35Ls\_HG/?igsh=NzIwazJyeTJmOW95,105000,2100,733,525,41,سقوط مجدد اونس جهانی طلا و احتمال ادامه دار بودن این سقوط. اما تویی که طلا داری باید چیکار کنی الان؟ تا آخرین ویدیو با من باش بهت دقیقاً میگم چه کاری باید انجام بدی. امروز اونس جهانی طلا به خاطر بالا رفتن شاخص  دلار افت کرده و احتمال این افت یکی دو سه روز دیگه ادامه پیدا میکنه. اما طلای ایران چه اتفاقی براش میفته؟ طلای ایران هم وابسته است به اونس جهانی هم وابسته است به نرخ دلار.  خب وقتی اونس جهانی داره میاد پایین احتمالاً طلا هم یه پایین میبینه اما باید بفروشم از بازار بیام بیرون. نه ما الان تو محدوده کف قیمتی هستیم و کسی که این تو این محدوده ها  بیاد بفروشه قطعاً بعداً پشیمون میشه. ممکنه طلای ایران طلا هجده عیار یه تومن دیگه هم بیاد پایین تا محدوده چهارده میلیون هم بیاد پایین اما خیلی بعیده که از اون محدوده پایین‌تر بره.  پس بهترین موقع برای سرمایه گذاریه به جای اینکه بیای بفروشید. این اتفاق چندین بار دیگه هم تو پنج شش سال گذشته افتاده و تقریباً سالی یه بار تکرار شده که بازارساز اومده از آن نوسان گرفته و خیلی‌ها اومدن تو  کف فروختن و بعد پشیمون شدن. حالا چرا این اتفاق میفته؟ دو تا دلیل داره. یکی اینکه هم اونس جهانی طلا بعد از یک نوسانی برمیگرده بالا و اهداف بالا داره و دوم وضعیت اقتصادی کشور ایرانه که به  خاطر شرایطی که پیش اومده ما احتمالاً کاهش آنچنانی تو قیمت دلار نخواهیم داشت. ممکنه دلار یه بار دیگه بیاد محدوده صد و چهل و پنج تومن تا صد و پنجاه تومن تاچ بکنه اما از اون پایین‌تر نخواهد رفت.  به خاطر کتی که خود بانک مرکزی رو دلار گذاشته. پس محدوده فعلی طلا محدوده چهارده تا پونزده تومن محدوده بسیار جذاب و کم ریسک برای خریدنه. و کسی که تمایل داره سرمایه گذاری کنه این محدوده ها محدوده طلایی برای خریدن طلا و دلاره.  پس یادت نره این پستو بفرست برای اونی که حتی یه گرم طلا داره و الان نگرانе که برای سرمایه کمش داره چه اتفاقی میفته، سرمایه‌ش داره از بین میره. بهش بگو نگران نباش طلا برمیگرده به سمت بالا و  تو از سرمایه گذاری رو طلا سود میگیری. اما خیلی ها ممکنه بپرسن زمان مناسب برای خرید کریپتو و بیت کوین کیه؟ چون خیلی از مخاطبین پیج ما رو کریپتو سرمایه گذاری کردن. احتمالاً بعد از طلا زمان مناسب برای کریپتوئه.  یه تحلیل آنچین از زمان مناسب برای کریپتو آماده کردیم. کلمه زمانو همین زیر برام کامنت کن تحلیل برات میفرستم و عدد دقیقی که باید بیت کوین بخری رو بهت میگم. موفق باشید
homero_io,149000,https://www.instagram.com/reel/DZsgjYwM7te/?igsh=MWV5eWx2ZWp1ZWVmag==,113000,1964,874,281,34,مراقب باشید قراره توافق بشه و قیمت دلار بیاد زیر صد هزار تومن. این جمله فضا اینستاگرام رو پر کرده و همه دارن میگن دلار قراره بیاد زیر صد هزار تومن. اما شاخصه اقتصادی رو اگر نگاه کنید، می‌دونید قیمت دلار رو هوا تعیین نمیشه. قیمت دلار تابع نرخ تورمه، تراز تجاریه و GDP کشور.  آیا اینا تغییری کرده که قراره قیمت دلار بیاد زیر صد هزار تومن؟ و طلا قراره بیاد مثلا زیر ده میلیون تومن؟ نه، هیچ تفاوت تو اینا اتفاق نیفتاده. صرفا هیجانی‌ست که تو بازار وجود داره. بعد از جنگ ایران و عراق، قطعنامه 598 تصویب شد.  بعد اون جنگ و بعد تصویب قطعنامه، قیمت دلار به واسطه هیجان نصف شد. خیلیا سکه کردن تو اون اتفاق. اونایی که همه زندگیشونو دلار خریده بودن. اما تو کمتر از چند ماه برگشت بالا. الان که اصن قطعنامه‌ای نداریم، صرفا داریم یه تفاهم  امضا می‌کنیم که بعدش بشینیم یه توافقی بکنیم و آیا توافق می‌شود یا نمی‌شود؟ خدا می‌دونه. قیمت صرافی ملی رو، در واقع قیمتی که تو بانک ملی ثبت شده برای قیمت دلار که معمولاً کف قیمت دلار رو نگاه کنید،  عدد صد و چهل و هفت تا صد و چهل و هشت هزار تومنه. پس کف قیمت دلار رو دولت اینجا بسته. اگر هم هیجانی پایین‌تر بیاد، خود دولت این وسط خریدارِ به واسطه شرایط اقتصادی که داریم.  بعد از جنگ تازه اثرات اق-اقتصادی جنگ خودشو نشون میده. ما تازه دو ماه از جنگ گذشته. امسال تا انتهای سال این اثرات اقتصادی جنگ خودشو نشون میده و اونجاست که قیمت دلار معلوم میشه. خب تو این شرایط باید رو چی سرمایه‌گذاری کنیم؟  آیا بخریم؟ آیا نخریم؟ کجا باید خرید انجام بدیم؟ خیلی وقت‌ها حتی صبر کردن خودش بهترین سرمایه‌گذاری و کاری نکردن خودش از همه بهتره. ما فردا یه وبینار داریم ساعت هشت شب. توش توضیح میدیم برای شما که تو سال 1405 باید رو چی سرمایه‌گذاری بکنید.  حتما توی وبینار شرکت کنید. کلمه وبینار رو همین زیر برای من کامنت کنید، لینک ثبت‌نام وبینار براتون ارسال میشه. این وبینار کاملاً رایگانه. حتما این پست رو برای دوستانتون هم بفرستید،  با اون‌ها به اشتراک بذارید، ری‌پستش کنید تا دیگران هم تو این وبینار شرکت کنند، بدونن تو سال چهارصد و پنج باید روی چی سرمایه‌گذاری کنند و چجوری سبد ببندن. موفق باشید.
homero_io,149000,https://www.instagram.com/reel/DZF5H12Mlsa/?igsh=MTRxY3I3OHUxcW95MQ==,206000,5876,9843,1441,76,ریزش وحشتناک بیت‌کوین. همه تو بازار ترسیدن. تو هم احتمالا ترسیدی. شاخص ترس و طمع اومده زیر سی. یعنی بازار همه نگرانن.  چه اتفاقی قراره بیفته؟ بیت‌کوین قراره نابود بشه. اگه یاد باشه چندین ماه پیش بهت گفتم بیت‌کوین اعداد پایین رو میبینه، سی و چلو میبینه. اما الان وقتش نیست. اومد شصت رو دید همونجوری که بهت گفتم قبلاً تو این ویدیو نگاه کن.  طلا تو بفروش، بیت‌کوین بخر. تو این ویدیو بهت گفته بودم که بیت‌کوین برمی‌گرده بالا. طلا تو بفروش، بیت‌کوین بخر. نمی‌دونم این کار رو انجام دادی یا نه و بیت‌کوین از محدوده شصت هزار دلار تا محدوده  هشتاد و دو هزار دلار اومد بالا. الان داره می‌ریزه اینجا. اما این آخر راه بیت‌کوینه. از اینجا قراره بریم محدوده سی و چلو ببینیم. به نظرم نه، این اتفاق قرار نیست بیفته.  ما قراره یه بالای دیگه داشته باشیم. همونجوری که تو آلت‌کوینا داریم میبینیم. بیت‌کوین داره می‌ریزه، آلت‌کوین‌ها نمی‌ریزن و آماده یه حرکت صعودین. به نظر من بیت‌کوین یک حرکت دیگه به سمت بالا خواهد داشت و بعد اصلاح می‌کنیم به سمت  پایین که تو مدل هم تو این الگومون هم چی شکل بده؟ تو این الگومون هم مدل QM رو شکل بده. یعنی اینجا این کف و این کف که اینجا تشکیل شده این از این پایین‌تره. وقتی الگو QM تشکیل میشه ما یک برگشت تا  سقف قبلی داریم و بعد ریزش داریم. الان هم دقیقاً داره همین اتفاق میفته. خب حالا الان وقت خرید چه ارزهاییه؟ این فرصت محدوده. نهایتا احتمالا تا آخر جام جهانیه. بیشتر از اون نیست.  جنگ میشه و بعدش و احتمالا بیت‌کوین بعدش می‌ریزه. همونجوری که بازارهای دیگه احتمالا خواهند ریخت. اما سؤال مهم. الان چی بخریم تو این یک ماه ازش استفاده کنیم. اگه یکو همین زیر برای من کامنت کن  بهت میگم چی بخری، تو چه نقطه‌ای. یادت نره حتما این پست رو برای دوستاتم بفرست و اونو به اشتراکش بذار تا اونا هم بدونن چی رو باید کجا بخرن و کی از بازار خارج بشن.  موفق باشی.
homero_io,149000,https://www.instagram.com/reel/DUi0579DNaT/?igsh=MWQ5b3FiM21jODVzeg==,153000,3806,4601,1021,54,یادته رو بیت‌کوین صد هزار تایی بهت گفتم بیت‌کوین به پنجاه هزار دلار میرسه؟ نابودی بیت‌کوین نزدیکه. تو پست قبلی به شما گفتم بیت‌کوین احتمالاً محدوده چهل‌وهشت هزار دلار میرسه، ام خیلیا حتی اینو قبول نداشتن و به من کلی بد و بیراه گفتن اما دیدی که  بیت‌کوین شصت هزار دلار رو دید. الان به شما نمیگم به پنجاه هزار دلار میرسه حتی بین سی تا چهل هزار دلار هم میتونه پایین بیاد. اما تو شرایط فعلی ما یک آلت پارتی  خوب داریم توی یکی دو ماه آینده. بیایید با هم نگاه کنیم داده‌های معاملات آپشن و مؤسسات بزرگی که دارن تو این بازار کریپتو کار میکنن. داده‌ها داره نشون میده که بیت‌کوین میتونه تا محدوده نود و چهار هزار دلار یا حتی کمی بالاتر  رشد داشته باشه و بعد از اون مجدداً یک لگ نزولی دیگه داشته باشه. دوستانی که تو سمینار ما شرکت کردن یادشونه ما ارز SNX رو اونجا بهشون معرفی کردیم و گفتیم تو چه محدوده ای خرید کنن. محدوده خریدش نسبت به اون قیمت اون روزی چه  意思؟ که چهل درصد پایین‌تر بود. که این نمودار رو نگاه کنید دقیقاً می‌بینید چند کندل زد و با shadow محدوده رو تاچ کرد و بعد برگشت به سمت بالا. یعنی دقیقاً تحلیل داده ما درست بود.  ما اون رو از روی تحلیل داده پیدا کرده بودیم. الانم میخوام غیر اون ارز که همین الان میتونید روش سرمایه گذاری کنید چند تا ارز دیگه بهتون معرفی کنم. اگه میخواید اسماشو بدونید چیاست که روش سرمایه  گذاری درست انجام بدید، عدد صد و سیزده رو همین زیر برام کامنت کن اطلاعات این ارزها رو برات ارسال میکنم. یادت نره حتما این پست رو با دوستانت هم به اشتراک بذار تا از این بازه زمانی دو  ماهه رشد آلت‌کوین‌ها بهترین استفاده رو بکنن. موفق باشی.
homero_io,149000,https://www.instagram.com/reel/DUbJ\_BWjPCV/?igsh=MWF2OWtwYmVyNHB6YQ==,210000,4365,4373,1475,75,طلا تو بفروش، بیت‌کوین بخر. همونجوری که قبلاً تو پست‌های قبلی به شما گفته بودم که آلت‌کوین‌ها حسابی می‌ریزن و بیت‌کوین اعداد پایین رو میبینه و خیلیا قبول نکرده بودن، الان به شما میگم که وقت رشد بیت‌کوین توی یه بازه زمانی میان مدته.  خب یه نموداری داریم به اسم XAUBTC که در واقع نسبت طلا به بیت‌کوین رو نشون میده. این نمودار رو نگاه کنید از ابتدای به وجود آمدن بیت‌کوین یک روند به شدت نزولی داشته و طی چند وقت اخیر یعنی تو یک سال  گذشته یک گارد به شدت صعودی گرفته. الان رسیدیم به یک محدوده که میتونه یک اصلاح قیمتی موقت داشته باشه، پس میتونه توی بازه زمانی بیت‌کوین عملکرد بهتری نسبت به طلا داشته باشه. متناسب با اون آلت‌کوین‌ها هم می‌تونن رشد خوبی رو توی این مدت تجربه بکنن.  پس شما می‌تونید همونجوری که قبلاً هم خدمت شما گفتم تا اپریل سال جاری روی بیت‌کوین و بازار کریپتو سرمایه‌گذاری کنید و بعد از اون سودتون رو تا دوباره تبدیل کنید به طلا. بیت‌کوین اگر نگاه کنید یک سه‌موجی به سمت پایین  داشته طبق همین نموداری که اینجا دارید می‌بینید و میتونه یک حرکت صعودی به سمت بالا داشته باشه و بعد از اون مجدداً اصلاح قیمت. اگه می‌خواید بدونید تحلیل بیت‌کوین چیه، از چه محدوده قیمتی میتونه برگرده مجدد اصلاح بکنه، عدد صد  و دوازده رو همین زیر برای من کامنت کن، تحلیل بیت‌کوین رو برات ارسال می‌کنم. یادت نره حتما این پست هم با دوستات به اشتراک بگذار تا اونا هم بدونن بهترین مسیر سرمایه‌گذاری توی یکی دو سه ماه آینده چیه.  موفق باشی.
homero_io,149000,https://www.instagram.com/reel/DUYgvoijLLI/?igsh=MWFqYTBscDZteTA1cw==,108000,2462,2295,352,25,نود درصد آدما همین الان دارن در مورد بیت‌کوین اشتباه فکر می‌کنن. آیا تو هم جزو اونایی؟ همین ما نشون میده که نباید خیلی به حرف بقیه گوش بدیم و ببینیم همه چی میگن این نود درصد افراد چی میگن.  باید درست تصمیم بگیری. بیای بریم ببینیم آمار چی میگه. این شکلو اگر نگاه کنید نمودار ترس و طمع بیت‌کوینه و هر وقت این نمودار منطقه پایین، منطقه قرمز رنگ شده یک حرکت برگشتی  تو بیت‌کوین و سایر رمزارزها داشتیم. دفعه قبلی از محدوده ده واحد برگشتیم و الان رو محدوده یازده واحدیم و از اینجا می‌تونه بیت‌کوین یک حرکتی به سمت بالا داشته باشه. اما اگه میره از همینجا سقف می‌زنه به نظر میاد که هنوز کار داره.  ممکنه حتی یک بالای دیگر داشته باشیم و بعد حرکت کنیم به سمت پایین، یعنی بازار رنج بزنه. خب تو این زمان رنج زدن بهترین کار چیه؟ تو چجوری میخوای از بازار سود بگیری؟ اگر نمیدونی ما یه سیستمی طراحی کردیم که بهت کمک  می‌کنه بدون اینکه خودت trade بکنی از معاملات spot سود بگیری، یعنی پایین بخری بالا بفروشی و از معاملات سود عالی بگیری. خب حالا اگه میخوای بدونی از این سیستم چجوری استفاده بکنی، لطفاً صد و یازده رو  همین زیر برا من کامنت کن. یه لینک برات ارسال میشه. عضو این کانال شو، اونجا راهنماییت می‌کنم چجوری می‌تونی از بازار، اون هم بازار spot سود بگیری. یادت نره حتما این پست رو با دوستات  هم به اشتراک بگذار تا اون‌ها هم به نحو احسن از بازار بتونن استفاده کنن.
homero_io,149000,https://www.instagram.com/reel/DUQWoxDDGzh/?igsh=aW03ajR0bHo5aDcw,132000,2124,2361,226,44,همین الان یه خبر اومد که آقای رئیس جمهور به وزیر خارجه دستور دادند که توی هفته‌های آینده حتما مذاکره داشته باشند با آمریکا سر بحث اتمی. اما نه سطح مذاکرات مشخصه، نه محل مذاکرات مشخصه.  هیچیش معلوم نیست که چه اتفاقی می‌افته. همین خبر، بازارهای داخلی به شدت نوسان منفی داشتن و قیمت‌ها به سمت پایین افت کرده. من نمی‌خوام بگم خیلی خوشبین باشید که هیچ اتفاقی نمی‌افته مذاکره می‌کنن تموم می‌شه. نه می‌خوام طبل جنگ بکوبم که بگم حتما جنگ می‌شه.  اما می‌خوام یادآوری کنم اتفاقی که دفعه قبل افتاد. دفعه قبل قرار بود شنبه مذاکره بشه اما پنجشنبه اسرائیل حمله کرد. و الان هم اتفاقی که داره می‌افته اینه که اسرائیل به شدت داره با آمریکا فشار میاره برای حمله کردن و همین‌طور تحلیل‌گران تو دنیا  به نتیجه مذاکرات خیلی خوشبین نیستند. من می‌خوام به شما بگم توی شرایط فعلی نرید و دارایی‌تون رو آتیش نذارید با توجه به اینکه دلار و طلا داره به سمت پایین حرکت می‌کنه.  شاید الان بهترین زمان باشه برای کسایی که از خرید طلا جا موندن. اگه می‌خوای بدونی تو چه محدوده قیمتی باید طلا بخری و کف طلا کدوم عدده، لطفاً کلمه طلا رو همین زیر برای من کامنت کن. تحلیلم رو راجع به طلا برات می‌فرستم و بهت میگم  تو چه محدوده قیمتی می‌تونی خریدتو تکمیل کنی. موفق باشی.
homero_io,149000,https://www.instagram.com/reel/DULvmFiDI\_g/?igsh=ajJhbjRvdGNoOXUx,179000,3861,5387,975,74,بیت‌کوین معمولا توی بحران‌ها رشد می‌کنه. اصلا ذات بیت‌کوین نگاه کنید تو سال 2009 معرفی شد به عنوان یک دارایی ضد تورم برای اینکه اگر دنیا درگیر بحرانی بشه بتونه جلوگیری کنه از افت دارایی افراد.  من تو پستای قبلی به شما گفتم که ما به زودی بیت‌کوین بسیار عدد پایین‌تر رو می‌بینیم. همین اتفاق افتاد. یک رشد داشتیم، اومد بیت‌کوین به سمت پایین و الان بازار کاملا پنیک شده. اما آیا الان زمان اون افت شدیده که من خدمت شما گفتم؟ نه.  تحلیل داده‌ها یه آپشن داره نشون میده که زمان این افت احتمالا اپریل یا حدودا فروردین، اردیبهشت ماه سال آینده‌ست. پس اون زمان می‌تونیم منتظر افت بیت‌کوین و صلاخی آلت‌کوین‌ها باشیم. اما تا اون زمان می‌تونه بیت‌کوین از کمی پایین‌تر اگر جنگ اتفاق بیفته، بیت‌کوین کمی افت می‌کنه، از  کمی پایین‌تر بیت‌کوین برمی‌گرده به سمت بالا. می‌تونه تا محدوده صد و سه هزار دلار رشد کنه. تو این بازه زمانی با توجه به اینکه dominances بیت‌کوین داره افت می‌کنه، رمز ارزها می‌تونن رشد‌های خیلی خوبی رو داشته باشن بعد از  اون افت اصلی بازار شروع میشه. خب حالا اگه می‌خوای بدونی تو چه محدوده قیمتی باید رو بیت‌کوین سرمایه‌گذاری کنی، اگر از رشد طلا و نقره جا موندی و نتونستی اونجا دارایی‌ت رو افزایش بدی، بهترین زمان برای خرید  بیت‌کوین و آلت‌کوین‌ها کیه، لطفا عدد صد و ده رو همین زیر برام کامنت کن. بهت میگم تحلیل بیت‌کوین چیه، کجا باید خرید کنی و رو چه ارزهایی می‌تونی سرمایه‌گذاری کنی تا ازش سود عالی بگیری.  یادت نره حتما این پست رو دوستاتم به اشتراک بگذار تا اون‌ها هم از این سود استفاده کنن. موفق باشی
homero_io,149000,https://www.instagram.com/reel/DTBLswTjDHa/?igsh=NXVzNWs4anJteGhh,175000,4793,6105,852,70,بیت کوین آماده حرکت و پشت اون ارزها آماده رشد مناسب اما موقت. این نمودار رو نگاه کنید. به این نمودار میگن نمودار rainbow یا نمودار رنگین کمان که بر اساس دیتا on-chain به دست میاد. هر وقت بیت کوین توی چند سال گذشته  وارد محدوده آبی رنگ یعنی کف این کانال شده، کف این در واقع رنگین کمان شده، برگشته به سمت بالا و یک حرکت صعودی داشته. ما توی تحلیل قبلی که براتون ارسال کردیم و تو کانال و توی پیج با شما به  اشتراک گذاشتیم، گفتیم که بیت کوین از همین محدوده‌ها احتمالاً به سمت بالا حرکت میکنه. سقف این حرکت کجاست؟ منطقه اول احتمالاً محدوده بین صد و شش هزار دلار و صد و ده هزار دلاره.  اگر این منطقه رو رد کنه میتونه بره سقف جدید بزنه. اما اگر رد نکنه احتمالاً یک leg نزولی دیگر خواهیم داشت. اما در این حرکت صعودی با توجه به اینکه dominance بیت کوین هم احتمالاً کاهش پیدا میکنه و داره گارد نزولی رو خودش میگیره،  آلت کوین‌ها میتونند رشد عالی داشته باشند. حالا میخوام یه ارزی رو بهت معرفی کنم که جاش خیلی جای خوبیه و میتونه یک رشد چند صد درصدی بهت بده و یک سود عالی بتونی ازش بگیری.  برای دریافتش لطفاً عدد صد و هشت رو همین زیر برای من کامنت کن. اطلاعات این ارز رو برات ارسال کنم. یادت نره حتما این پست رو ری پست کن تا دوستانت هم بدونن چه ارزی رو باید کجا بخرن.
homero_io,149000,https://www.instagram.com/reel/DS2b5bfjJPD/?igsh=ZHJhNTdhczZvZTBv,229000,3959,1516,393,48,ترس از رشد سریع و sharp دلار دوباره کار دست مردم داد. دیروز افراد اومدن رو قیمت صد و چهل و پنج هزار تومن دلار خریدن یا بعضیا اومدن طلا خرید کردن و امروز چه اتفاقی افتاد؟ هم اون سه جهانی اصلاح کرد هم قیمت دلار رو بانک  مرکزی برد پایین و طلا حدود ده درصد، نقره حدود پونزده درصد اصلاح قیمت داشت. یعنی کسی که دیروز خرید کرده امروز بین ده تا پونزده درصد سرمایه‌ش کم شده و حسابی دچار استرس شده.  ما چندین بار گفتیم وقتی قیمت‌ها اینجوری هیجانی به سمت بالا حرکت می‌کنه، تو محدوده مقاومتی نمی‌شه سقف براش تعیین کرد اما قطعاً بعدش اصلاح می‌کنه که دقیقاً همین اتفاق افتاد. تو کانال تلگرام این قضیه رو اعلام کردیم، تو  پیج اینستاگرام این قضیه رو اعلام کردیم و به شما هشدار دادیم که احتمال این اتفاق می‌افته. همین الان یه خبر دیگه‌ای هم اومد خبرگزاری فارس اعلام کرد آقای فرزیین داره برکنار می‌شه و احتمالاً آقای همتی می‌شه رئیس کل بانک مرکزی.  البته این خبر هنوز قطعی نشده اما احتمالش زیاده. خب همه شما با عملکرد آقای همتی آشنا هستید. دیدید که آقای همتی رو محدوده نوزده هزار تومن دلار چجوری اون رو آورد تو محدوده ده هزار تومن و الان هم برای کنترل هیجاناتی که تو  بازار هست احتمالاً همین مسیر رو طی خواهد کرد و به صورت میان مدت یا کوتاه مدت ما افت قیمت دلار رو خواهیم داشت. اما در بلندمدت اگر فقط طلا رو بخوایم نگاه کنیم با توجه به روند جهانی، طلا روند  صعودی داره پس در میان مدت یا بلندمدت شما همچنان می‌تونید روی طلا سرمایه‌گذاری کنید. پس با ما حتما همراه باشید، پیجو فالو داشته باشید. ما باز شما رو راهنمایی می‌کنیم که چه نقاطی بهترین نقاط خرید طلاست. حالا اگه می‌خوای بدونی بهترین محدوده خرید طلا کجاست  و کجا باید سرمایه‌گذاری کنی، چه رو صندوق عیار، چه رو طلا هجده عیار بخوای سرمایه‌گذاری کنی بهترین نقطش کجاست؟ عدد یک رو کامنت کن راهنماییت می‌کنم کجا باید خریدتو تکمیل کنی و دوباره بیای وارد سرمایه‌گذاری رو طلا بشی.
homero_io,149000,https://www.instagram.com/reel/DSkv0NzDGEd/?igsh=MWY1eXk4bGFyMDM5ag==,135000,3488,2879,805,47,منتظر سلاخی آلت‌کوین‌ها باشید. ما با سرچ الگوریتمی اومدیم کیف پول پنج تا از نهنگ‌های بزرگ اتریوم رو پیدا کردیم. اونم نه بانک‌ها و مؤسسات، پنج تا فرد حقیقی که یکیشون آقای ویتالیک بوترینه که خودش خالق اتریومه.  رفتار این پنج تا کیف پول داره نشون میده که این افراد به آینده‌ی آلت‌کوین‌ها حداقل تو میان مدت یا بلندمدت خیلی امیدوار نیستن. حالا چرا؟ اکثر خریدی که این آدما انجام دادن رو اتریوم و سایر ارزها توی ژانویه تا جولای 2024 بوده، یعنی زمانی که  اتریوم تو محدوده‌ی هزار و ششصد دلار بوده. رفتار این افراد رو تو کیف پول‌هاشون بررسی کنید، میبینید که اینا دارن خیلی از آلت‌کوین‌هاشون رو میفروشن و نکته خطرناکش اینجاست که دارن حتی اتریوم‌هاشون هم منتقل می‌کنن به کیف پول‌هاشون تو صرافی.  یعنی چی؟ یعنی به بلندمدت آلت‌کوین‌ها هم خیلی اعتماد ندارن. آخرین خرید این کیف پول‌ها روی اتریوم روی محدوده‌ی سه هزار تا سه هزار و دویست دلار بوده. یعنی اگر اتریوم از محدوده‌ی سه هزار پایین‌تر بیاد، این‌ها به صورت پله‌ای شروع میکنن از بازار خارج شدن.  اما یه امیدی وجود داره. ارجاعتون میدم به پست قبلی که با شما به اشتراک گذاشتم و گفتم احتمالاً ما یک بالای خوبی توی رمز ارزها خواهیم داشت و احتمالاً این‌ها هم اومدن که از این رشد استفاده کنن.  اما چون دارن آلت‌کوین‌های دیگه رو میفروشن، پس همه‌ی آلت‌کوین‌ها رشد نمی‌کنن. بعضی از آلت‌کوین‌ها پتانسیل این رو دارن که تو این راند رشد آخر سودهای خوبی به شما بدن. اگه تو هم میخوای دسترسی به کیف پول این افراد داشته باشی و ببینی دارن چه چیزی میخرن  یا کجا دارن کدوم رمز ارزها رو میفروشن، لطفاً کلمه‌ی کیف رو همین زیر برای من کامنت کن. اطلاعات مربوط به کیف پول این پنج نفر رو برات ارسال می‌کنم. یادت نره حتما این پست رو با دوستانت هم به اشتراک بگذار تا اون‌ها هم بدونن  کی بهترین زمان برای خریدن و فروختنه. موفق باشی.
homero_io,149000,https://www.instagram.com/reel/DSK\_5yOjPj9/?igsh=MWVneWppeG1kNnI1cA==,206000,6775,7045,2719,83,نابودی بیت‌کوین نزدیکه. تو پست قبلی به شما گفتم بیت‌کوین احتمالاً محدوده چهل‌وهشت هزار دلار میرسه اما زمانی به شما نگفتم. بیا رو چارت با همدیگه نگاه کنیم. به نظر میرسه بر اساس چارت می‌تونیم ببینیم  تاریخ داره تکرار میشه و چه زمانی به اون محدوده چهل‌وهشت هزار دلار میرسیم. چجوری؟ بیا رو چارت بهت بگم. اینجا سال دو هزار و بیست و یکه. ما یه الگوی vege، الگوی کنج داشتیم که اومده  این الگو کنج رو شکسته به سمت پایین یک برگشت به سمت بالا زده و یک ریزش عمیق داشته تا محدوده حدود سی هزار دلار. الان رو ببینیم توی چارت دقیقاً همین الگو داره تکرار میشه و تاریخ داره تکرار میشه.  همین vege رو داریم یا کنج رو داریم. کنج شکسته به سمت پایین به نظر میرسه یک برگشت از همین محدوده‌ها به سمت بالا خواهیم داشت و بعد ریزش اساسی شروع میشه. چارت رو قبول نداری می‌تونیم رو داده‌های آپشن هم نگاه  کنیم ببینیم اونجا داره چی به ما میگه. تو داده‌های آپشن اگر نگاه بکنیم اینجا داره به ما نشون میده که بیت‌کوین احتمالاً یک حرکت به سمت بالا خواهد داشت تا محدوده بین صدوهفت تا صدده هزار دلار و بعد از اون  حرکت سنگین به سمت پایین خواهیم داشت. همینجور رو liquidation بازار اگر نگاه بکنیم رو liquidation بازار هم تو محدوده صدده هزار دلار یک حجم نقدینگی بالا داریم که احتمالاً میاد اینو میزنه و بعد به سمت پایین میره.  داده‌های آپشن برای ماه مارچ رو هم نگاه کنیم قیمت رو محدوده شصت و دو هزار دلار داره نشون میده. یعنی کی؟ انتهای سال شمسی که داریم قیمت تا اون موقع محدوده شصت هزار دلار میتونه برسه.  خب اما الان چه اتفاقی میافته؟ با توجه به چارت به نظر میاد ما این آخرین حرکت بیت‌کوینه که به سمت بالا خواهد رفت تا صدده هزار دلار. با توجه به اینکه dominance بیت‌کوین روند نزولی داره  این فرصت بهترین فرصته برای اینکه شما بیای اسفاد یه سری ارزها رو خرید کنی و تا اون محدوده صدده هزار دلار از رشدشون استفاده کنی. چون dominance داره میاد پایین، اون ارزها خیلی بیشتر میتونن رشد بکنن. حالا اگه میخوای بدونی رو چه ارزهایی  باید سرمایه‌گذاری کنی، لطفاً کلمه فرصت رو همین زیر برای من کامنت کن. بهت میگم چه ارزهایی رو تو چه محدوده‌هایی باید خرید کنی. یاد نره حتماً این پست رو برای دوستاتم بفرست و اونا هم بدونن تو این فرصت خداحافظ با  بیت‌کوین بهترین ارزهایی که باید بخرن چه چیزاییه.
homero_io,149000,https://www.instagram.com/reel/DRuwtbKDMMb/?igsh=bGZvNjA4bGNnMDRn,134000,4617,10000,1723,57,چه جوری ده میلیون تومن پولتو بکنی سه میلیارد تومن یعنی پولتو سیصد برابر رشد بدی. ما اومدیم با سرچ الگوریتمی یک کیت پول رو پیدا کردیم که این آدم اومده با شصت هزار دلار سرمایه گذاری پولشو  تبدیل کرده به هجده میلیون دلار. اما نه همینجوری شانسی و الکی. به صورت هوشمند با خرید پرسیل یه سری از رمز ارزها. ایشون اومده اول حدود شصت هزار دلار ارز bolt خریده. اینو تبدیلش کرده به پنج میلیون دلار.  بعد از این پنج میلیون دلار اومده سه تا رمز ارز خریده، رو هر کدوم چهار میلیون دلار سود کرده و مجموع سودش شده هجده میلیون دلار. یه سریشو نگه داشته، یه سری کم فروخته. همه اینا نوچ جونش.  اما الان اومده رو یه سری ارز سرمایه گذاری کرده و منتظره که ارزش اینها هم میلیون دلاری بشه تا از بازار سود عالی بگیره. اگه میخوای بدونی این ارزهایی که خریده چیاست و آدرس کیت پولش چیه بری نگاه کنی مشابه اون رفتار بکنی عدد صد و  دو رو همین زیر برای من کامنت کن. آدرس کیت پولشو برات ارسال می‌کنم تا بدونی چه چیزهایی خرید کرده. یادت نره حتما این پستو با دوستاتم به اشتراک بذار که اونا هم بدونن چه جوری با یه پول کم میشه میلیون دلاری درآمد کسب کرد.  موفق باش.
homero_io,149000,https://www.instagram.com/reel/DRkX-OfDHpR/?igsh=MXhlOTNtcm16cHo0aw==,97500,3432,9431,287,54,قطعاً یه خبری هست رو این ارز که تو بیست و چهار ساعت گذشته این حجم از پول جمع شد روش. تو بیست و چهار ساعت گذشته رو این ارز بیشتر از دو و چهار دهم میلیارد دلار سرمایه‌گذاری شده.  همینجور روی ارزهایی که رو شبکه‌ش قرار گرفتن حالا حجم زیادی سرمایه‌گذاری میشه و واکنش بسیار مثبتی داشتن و وقتی بازار برگرده حسابی این ارز میتونه رشد کنه و سود چند ده برابری بهت بده. خب حالا اگه بخوای بدونی اسمش چیه و  محل خریدش کجاست و کد صد و یک رو همین زیر برام کامنت کن، بهت میگم کجا باید خریدش بکنی. یادت نره حتما این پست رو هم ری‌پست کن که دوستاتم بدونن کجا باید چه ارزی  رو بخرن تا سود عالی ازش بگیرن. موفق باشی.
homero_io,149000,https://www.instagram.com/reel/DRXgDKADLI2/?igsh=MWVleWl6Z3A5NDVtcA==,98700,2871,4969,383,21,بیت‌کوین چهل‌وهشت هزار دلار. آیا قیمت واقعی بیت‌کوین چهل‌وهشت هزار دلاره یا هشتاد هزار دلاری که الان هستش؟ یه شاخصی وجود داره به اسم Realized Value که ارزش ذاتی بیت‌کوین رو نشون میده.  اینجا پشت سر من دارید می‌بینید ارزش ذاتی چقدره. الان این شاخص داره نشون میده ارزش واقعی بیت‌کوین حدود چهل‌وهشت هزار دلاره. اما عددی که الان داره معامله میشه هشتاد هزار دلاره. آیا قیمتش به چهل‌وهشت هزار دلار میرسه؟ میگم که الان نه، اما بعداً ممکن است such اتفاقی بیفته.  این چارت پشت سر من داره چی رو نشون میده؟ داره نشون میده که هر وقت ارزش ذاتی بازار یک چهارم ارزش در واقع معاملاتی اون ارز بوده، بیت‌کوین ریخته و به سمت پایین حرکت کرده. مثلاً از محدوده بیست هزار دلار اومده تا سه،  چهار هزار دلار یا بعداً از شصت، هفتاد هزار دلار افت قیمت پیدا کرده و توی این کف‌ها که رسیده اومده به زیر یک. یعنی اینکه ارزش ذاتیش از ارزش بازارش در واقع بیشتر بوده و داره داشته زیر ارزش ذاتیش معامله  می‌شده و اونجا حرکت کرده به سمت بالا. خب حالا جدا از بیت‌کوین، ارزهای دیگه رشدی آنچنان نداشتن و دارن زیر ارزش ذاتی معامله میشن. خیلی از ارزها این وضعیت رو دارن. برای همین می‌تونی رو ارزهایی که زیر ارزش ذاتیشون  دارن معامله میشن می‌تونی سرمایه‌گذاری کنی، چون هنوز بیت‌کوین جا داره به سمت بالا حرکت کنه. دفعات قبل حدود چهار برابر برگشته، بعدش حدود سه و نیم برابر برگشته. اینجا جا داره تا سه برابر رشد کنه. ارزش بازار نسبت به ارزش ذاتی.  ارزهایی که زیر ارزش ذاتی هستن اگه بخوای بدونی چیا هستن و روی کدوما باید معامله کنی، مثلا عدد صد رو همین زیر برام کامنت کن بهت میگم رو چه ارزهایی باید معامله کنی که بتونی بهترین سود از بازار بگیری.  موفق باشی.
homero_io,149000,https://www.instagram.com/reel/DQw4rY0DBB1/?igsh=MXJqYm5yZGxhZ2E1bw==,152000,5190,10000,611,86,قیمت بیت کوین همین جوره میاد پایین. داره میرسه زیر صد هزار دلار. حسابی ترسیدی؟ فکر میکنی بازار تموم داره میشه؟ این پستمو ببین. روند رشد رمزارزها رو اگر نگاه کنی اول بیت کوین رشد میکنه بعد ارزهای بزرگ رشد  میکنن مثل اتریوم، BNB، سویی، فلانا. بهت گفتم که رشد بازار چرخه داره. اول بیت کوین بعد ارزهای بزرگ مثل اتریوم، BNB فلانا اتفاق افتاد. بعد ارزهای کوچیک هنوز رشد نکردن، بچه کوین‌ها. این بار نوبت ارزهای کوچیکه که رشد به سمت  بالا حسابی حرکت بکنن و تو رو به یک کار سوار کنن و جات بذارن. مراقب باش این بار از بازار جا نمونی. اگه میخوای بدونی رو چه ارزی باید سرمایه گذاری بکنی که این بار از رشد بازار جا نمونی،  عدد نود و هفت رو برام کامنت کن بهت میگم چه چیزایی رو باید خریداری بکنی. یادت نره حتما این پستو ری پست کن تا دوستاتم بدونن چه ارزی رو باید خریداری کنن. موفق باشی.
homero_io,149000,https://www.instagram.com/reel/DP4aCVfjAhw/?igsh=eG9mOTJyaW9xbjI5,125000,4313,8414,876,33,اتریوم شش هزار دلاری به زودی شاید تا دو سه هفته آینده. طبق تحلیلی که ما داریم الان اتریوم رو این چارت نگاه کن. تو محدوده کف کانال قرار داره و تا سقف کانال اگر رشد بکنه میتونه به محدوده هفت هزار دلار بین شش هزار  دلار و هفت هزار دلار برسه. خب الان آمار‌های مربوط به ETF های اسپات اتریوم داره نشون میده که ورود پول خیلی خوبی از طریق صندوق‌های ETF بورس آمریکا داره روی اتریوم انجام و خودشونو دارن آماده میکنن برای اینکه  اتریوم یک رشد خیلی خوب داشته باشه. یه سری از ارزها هستن که با اتریوم همبستگی خیلی خوب دارن مثل این چارتی که الان داری میبینی. این چارت داره نشون میده که این ارز با اتریوم همبستگی خیلی خوب داره و  اگر اتریوم رشد بکنه این میتونه چند نیم برابر اتریوم رشد داشته باشه. اسمشو اگه میخوای بدونی چیه عدد هشتاد و نه رو همین زیر برای من کامنت کن اسمش به اضافه نقطه ورودش برات ارسال می‌کنم.  یادت نره حتما این پست رو هم با دوستانت به اشتراک بذار. موفق باشی.
drmorid,188000,https://www.instagram.com/reel/C9nKexCIYZ5/?igsh=MWpmaGs5MmR4MW1iYQ==,1400000,23600,1742,18200,6,دکتر طلا بخریم؟ طلا که هیچی چهار ماه وقت دارید دارایی بخرید. بیا بهت بگم موضوع از چه قراره. روز گذشته دیگه رسماً ترامپ به عنوان توی مجمع ملی جمهوری‌خواهان نامزد ریاست جمهوری حزب جمهوری‌خواه‌ها شد و یه نکته خیلی مهم. اومد خط و نشون کشید برای چین، اروپا و  سایر شرکای ایران که اگر با ایران معامله بکنید، براتون تعرفه صد درصدی برای اجناستون، برای واردات به آمریکا و تحریم وضع خواهم کرد. پس این قطعاً میزان مبادلات ایران رو به حداقل می‌رسونه. دلار وارد کشور نمی‌شه و ادعا کرد که ایران رو ورشکسته تحویل خواهم داد.  بازار دلار رو به بالا، بازار طلا رو به بالا، بازار مسکن و خودرو هم پشت بندش تاثیر خواهند داشت. پس تا می‌تونید تا قبل از پونزدهم آبان ماه دارایی بخرید، اولویت طلا، مسکن، خودرو باشه و یه  نکته دعا کنیم که ترامپ رییس جمهور نشه چون زندگی هممون دستخوش تغییرات خواهد بود. شما انتخابتون کدومه؟ برام بنویسید.
drmorid,188000,https://www.instagram.com/reel/DbidTQKIP\_F/?igsh=MThxNDI1ZW5iOWE3aw==,135000,5065,266,637,53,شاید امروز صبح که همه ما از خواب پا شدیم انتظار این رو داشتیم که آمریکا به ما حمله بکنه. اما پنج صبح توئیت ترامپ و توقف حملات یعنی تصمیمی که گرفته شده بود اما به هزار  و یک دلیل فعلاً بایکوت باقی مونده. همین خبر کافی بود که بورس یکدست سبزپوش و صعودی، طلا و دلار یک اصلاح سنگین رو انجام بدن. یعنی دلار به محدوده صد و نود هزار تومن برسه، طلا به محدوده هجده و دویست.  قراره چه اتفاقی برای طلا و دلار رقم بیفته؟ آیا ریزش طلا و دلار ادامه دارد یا فرصت خرید است؟ من همینجا بهتون بگم تو این پست بخوام سیگنال خرید برای جا ماندگان طلا و دلار اعلام کنم.  پس خوب این پست رو save کنید. شاید پست آخری باشه که در اینستاگرام فعلاً می‌گذارم. نمی‌دونم هیچکدام از ده دقیقه بعد خبر نداریم. اما بفرست برای دوستانت و خانواده‌ت که از این فرصت نهایت بهره رو ببرن. من یه سؤال ازتون دارم.  آیا حملات متوقف شده؟ مشکلات بنیادی بین دو طرف حل شده؟ آیا مسئله هسته‌ای، مسئله مکانیسم ماشه، مسئله تنگه هرمز حل شده؟ قطعاً جواب خیره و این اصلاح طلا و دلار یعنی طلای هجده و دویستی رو من  همینجا میگم آنهایی که نخریدن بخرن. آنهایی که سر به سرشون بالای محدوده نوزده میلیونه اینجا پله دومیشون رو خرید بکنن. اما اگر دقت کنید توی تمام ریتم صعودی از پونزده و ششصد تا نوزده که ما  سیگنال خرید اون می‌داشتیم، گفتم پله سوم رو نمی‌خرم و صبر می‌کنم در جای مناسب. چون من توی سیصد و شصت و پنج روز سال به بازار طلا نگاه می‌کنم، نه مقطعی و کوتاه‌مدت. اگر قصد خرید دارید همین الان بسم الله خرید بکنید.  فکر نمی‌کنم پیجی حداقل اینقدر شفاف به شما سیگنال خرید اعلام بکنه. و از همه مهم‌تر با توجه به خبر در واقع توقف حملات اگر مذاکره‌ای در کار باشه، ما شانس این رو داریم که پله سوممون رو زیر محدوده هفده میلیون تومن با هم خرید بکنیم.  پس آنهایی که جا ماندن هجده و دویست خرید بکنن، اونهایی که پله اولشونه تکمیل بکنن بیست درصدشون رو، اونهایی که سر به سرشون منفی از هجده و دویسته اینجا پله دومشون رو خرید بکنن و از همه مهم‌تر آنهایی که مثل  ما دو پله خرید کردن صبور باشن. اینجا بدون هیچ پرداخت VIP یا ارسال کلمه‌ای به شما به صورت رایگان و عمومی trigger ورود و سیگنال خرید اعلام میشه. پس من به دلیل اینکه مشکلات بنیادی حل نشده، تمام  اصلاحات طلا و دلار رو فرصت خرید می‌دونم. شما چطور می‌دونید؟ آیا توی هجده و دویست بعد از این اصلاح سنگین جرأت خرید رو دارید؟ عامه مردم معمولاً تو منفی‌ها نمی‌خرن ولی ما می‌دونیم که طبق برنامه رو چه قیمتی خرید بکنیم.  پس با ما همراه باشید. صفحه رو دنبال کنید. آپدیت‌ها مکرر خواهد اومد. پر سود باشید.
drmorid,188000,https://www.instagram.com/reel/Dbnod7QIOSI/?igsh=M2V3ZWVoZ200YXk0,89600,3550,15227,1233,41,امروز می‌خوام راز تمام کانال‌های VIP که توی حوزه طلا و نقره دارن کار می‌کنن و با این دیتا دارن به شما سیگنال خرید میدن رو براتون رو بکنم. فکر می‌کنم که اندازه یه کلاس آموزشی طلا  و نقره این پست ارزش داشته باشه. پس قبلش save بکنید و بفرستید برای دوستانی که طلا و نقره دارن و بدونن که چطوری اشتباهاً خیلی از جاها نقره فروختن، طلا خریدن یا بالعکس.  خیلی ساده بخوام بهتون بگم نموداری وجود دارد به نام نسبت طلا به نقره. به زبان فارسی چی می‌شه خودمون؟ یعنی برای خرید یک گرم طلا چند گرم نقره باید پرداخت بکنیم. این توی نسبت‌های مختلف دارید می‌بینید که توی این نمودار هست که ای زن اتفاقاً امروز  هم روی محدوده تقریباً هفتاد و پنج‌ایه. اگر دقت بکنید ما یه کف چهل داریم یعنی به ازای یک خرید یک گرم طلا چهل گرم نقره. یعنی نقره به نسبت طلا عملکرد بهتری داشته و یه محدوده صد  و صد و بیست و پنج داریم که می‌بینید صد و بیست و پنج جایی بوده که شما باید همه طلاتونو می‌فروختید نقره می‌خریدید. چهل جایی بوده که همه نقرتونو باید می‌فروختید طلا می‌خریدید و اگر دقت بکنید من در پنج ماه گذشته فقط طلا خریدم.  اما برسه به محدوده هفتاد و پنج جاییه که بخشی از سود طلام رو می‌ندازم روی نقره. ما توی بازارهای فلزات گرانبها سه پله خرید می‌کنیم. یعنی الان پله خرید نقره رو دارم رایگان در اختیارتون می‌ذارم بدون ارسال هیچ کلمه‌ای.  محدوده هفتاد و پنج، محدوده صد و محدوده صد و بیست و پنج جاییه که ما با تکنیک بیست، سی، پنجاه اقدام به خرید نقره می‌کنیم و از همه مهم‌تر اگر رسیدیم به صد و بیست و پنج و دیدیم اونس  جاهای عجیب و غریبیه و طلا به سقف تاریخی رسیده، بخش زیادی از طلامونو می‌فروشیم می‌ندازیم توی نقره و gain نقره رو برمی‌داریم. چون این اگر دقت بکنید توی نمودار دائماً این مسیر رفت و برگشته و اگر رسید  نقره به محدوده چهل یعنی جای بسیار گران اگر نقره داشته باشیم همه نقره رو می‌خ می‌فروشیم می‌ندازیم توی بازار طلا. کانال‌های VIP این مدلی به شما سیگنال میدن. خودت یاد بگیر نهایت بهره رو ببر.  اگر نمی‌دونی تکنیک بیست، سی، پنجاه به چه شکله برام کلمه نقره رو بفرست و این سایت رو نمی‌دونی که از کجا این نمودار رو می‌شه پیدا کرد نقره رو برام بفرستی کامل توی وویس براتون ارسال می‌کنم.  لذتشو ببرید. فقط برای دوستانتون ارسال کنید. امیدوارم که بتونن اون‌ها هم استفاده کنن.
drmorid,188000,https://www.instagram.com/reel/Dba7Nvvo47b/?igsh=MWpnMTRoMGJ2aGpkcw==,116000,3512,185,953,47,با توجه به رشد ابتدایی سال بازار مسکن که در شرایط جنگی اتفاق افتاد، خیلی از مردمی که خونه نداشتن و برای خرید خونه مصرفی‌شون روی بازار طلا و دلار سرمایه‌گذاری کردن، می‌تونم بگم که سورپرایز شدن.  یعنی جایی که بازار ملک صد تا صد و پنجاه درصد بازده داشت، از طرفی طلا و دلار ریختن بیست و پنج تا سی درصد و شرایط بسیار سخت شده برای این عزیزان. سوالی که امروز هست و می‌خوام تو این  پست با اعداد و ارقام بهتون جواب بدم، آیا امروز در گرم هجده و هشتصد طلای خودم رو بفروشم، در دلار صد و نود و دو تومانی دلار خودمو بفروشم و تبدیل به خونه مصرفی بکنم یا خیر؟ اگر جزء این  سه دسته هستید می‌تونید تصمیم‌گیری بکنید و من نمی‌تونم برای همه یک فرمول واحد بچینم. دسته اول، اگر خونه مصرفی نداری و طلا و دلارتو بفروشی و اون خونه‌ای که دلت می‌خواد رو می‌تونی بخری، لطفاً همین الان  بعد از دیدن این پست برو مشاور املاک و خونه‌ت رو خرید بکن. چرا؟ یقیناً کسی داره باهاتون صحبت می‌کنه که طلای گرمی سی و دو میلیون رو داره بهت میگه. ولی یقیناً اگر طلا گرمی سی و دو  تومنه، دلار هم دویست و پنجاه تومنه، پس قطعاً ملک‌تم رشد خواهد کرد. پس من اگه جای شما باشم روی زندگیم قمار نخواهم کرد و سرمایه‌گذاری نخواهم کرد. میرم خونه‌م رو خرید می‌کنم.  دسته دوم، کسانی که الان خونه ندارن ولی طلا و دلارشون بفروشن به خونه‌ای که می‌خوان نمی‌رسن. توصیه می‌کنم با ادامه مسیر روند صعودی طلا و دلار همراه باشید و صبر کنید توی اعداد بالاتر اقدام به فروش بکنید، حداقل محدوده بیست و پنج  تا بیست و هفت میلیون تومن طلا. دسته سوم، کسایی که خونه مصرفی‌شون رو دارن و می‌خوان سرمایه‌گذاری بکنن، اگر طلا و دلارتو بفروشی با این شرط که یک دنگم برات مستاجر بخره، یعنی اگر اندازه ده میلیارد می‌خوای طلا و  د-دلارتو بفروشی و خونه بخری، اگه اون خونه رو بخری سه میلیارد رهن باشه، توصیه می‌کنم ملک سیزده میلیاردی بخری. اتفاقاً یه وام مسکن هم بخور با چهارده میلیارد. یعنی شما چهل درصد، سی درصد از قیمت خونه  رو در دلار صد و نود تومانی خریدی و سال آینده اگر دویست و پنجاه تومن بشه یقیناً اونم در واقع رشد خودش رو خواهد کرد. ولی اگر پولی داری که به یک آپارتمان نمی‌رسه برای سرمایه‌گذاری، نه برای مصرف، توصیه می‌کنم بازم  توی بازار طلا و دلار باقی بمونید. به نظر شما تا پایان سال طلا و دلار gain بیشتری میده یا بازار مسکن؟ قطعاً طلا و دلار می‌تونه چابک بشه اما فلسفه سرمایه‌گذاری با مصرف یکی نیست.  امیدوارم اینو به خوبی بتونیم با همدیگه درک بکنیم. فقط یادتون نره که صفحه رو دنبال کنید. این پست هم بفرستید برای دوستایی که دنبال خرید خونه هستن. شاید بتونم پاسخ بهتری به سوالاتشون داده باشم. اینجا بدون VIP، بدون ارسال عدد با همدیگه قراره سرمایه‌گذاری بکنیم، پس همراهمون باشید
drmorid,188000,https://www.instagram.com/reel/DbDq5uYo1bb/?igsh=MXI3d2dpem81ejB1Yw==,243000,9644,673,2464,110,جاماندگان بازار طلا آیا در مرداد ماه فرصت خرید طلای گرمی زیر هفده میلیون رو پیدا می‌کنند یا در امروز سیام تیرماه باید با محدوده هجده و پونصد کنار بیان و خریدشون رو تکمیل بکنن؟ من بهتون بگم  یک فرصت برای جاماندگان بازار طلا باقی مونده که نه اونس جهانی این فرصت رو به شما میده که زیر هفده میلیون طلا بخرید و نه کاهش تنش در خاورمیانه و اون هم میگم بهتون که چه هستش.  همینجا بهتون نقطه ورود میدم. نمی‌خوام عدد بفرستید، نمی‌خوام هیچ کاری بکنید فقط چون قراره پله سوم خریدمون رو به زودی اعلام بکنم حتما صفحه رو دنبال داشته باشید چون آپدیت‌ها منظم میان که از  بازار طلا و دلار جا نمونید. بهتون بگم که چرا طلا گرمی سی و دو میلیون خواهد شد. اگر دقت کنید جدیداً این خبرهایی شایعه شده که دولت می‌خواد قیمت بنزین رو افزایش بده و این افزایش قیمت بنزین به نظرم اون طلای گرمی سی  و دو میلیون تومن منو کاملاً تثبیت میده و من با خیال راحت پله اولی که هجده و صد خریدم و پله دوم با وزنی یک و نیم برابر که پونزده و ششصد خریدم و امروز سبدم توی بیست و  سه درصد تقریباً سود هست و با خیال راحت تا محدوده سی میلیون تومن و سی و دو میلیون تومن طلا نگه می‌دارم. اما چطوری میشه که شما پیش‌بینی می‌کنید طلا گرمی سی و دو میشه ولی فرصت اینو داریم که  به قیمت الان یک و نیم میلیون تومن زیر قیمت تابلو امروز طلا خرید بکنیم. من یه نکته بهتون بگم. اونس جهانی تقریباً کف سازی‌ش رو کرده. ما با جنگ هم دیگه کنار اومدیم.  اینو توی بورس کاملاً بازار بهمون نشون داده. تنها فرصتی که وجود داره با فشاری که از طریق مجلس به بانک مرکزی میاد مبنی بر پایدارسازی قیمت و شکست قیمت دلار قطعاً با ارزپاشی که بانک مرکزی می‌کنه، دلار در  کوتاه‌مدت سرکوب میشه و با سرکوب دلار ما این فرصت رو داریم که زیر محدوده هفده میلیون تومن فقط شاید دو تا سه روز بازار بتونه طلا رو معامله بکنه و من اونجا پله سوم خریدم رو اعلام خواهم کرد.  اگر جاماندید زیر هفده میلیون بهترین گزینه است. من برای جامانده‌ها گرمی هفده و هفتصد توی تقریباً دو هفته گذشته اعلام کردم خرید بکنید. هجده و صدو جاماندگان باز اعلام کردم که یک پله خرید بکنید اما اگر خرید تکمیل نشده  توصیه می‌کنم زیر هفده میلیون تومن اومد دیگه از منم نپرسید خریدتون رو کامل بکنید. اما اگر می‌خواید که توی 1405 همراهم باشید با همدیگه خرید کردیم با هم هم بهتون اعلام خروج بکنم یک اول پیج رو فالو  داشته باشید این پست رو سیو بکنید و بفرستید برای دوستانتون که شاید سؤال دارن و برای سؤالشون پاسخی وجود نداره. پس منتظر سرکوب بانک مرکزی خواهیم موند برای قیمت دلار و فرصت طلایی خرید طلا.  به نظر شما آیا به زیر هفده میلیون تومن بازار بهتون فرصت میده خرید بکنید یا نه؟ برام توی کامنت‌ها بنویسید تا آپدیت دیگر خدانگهدار.
drmorid,188000,https://www.instagram.com/reel/Da2YY0JoU8r/?igsh=cmt5eXRmd2I2NmIy,150000,4569,180,676,58,امروز پنجشنبه بیست و پنجم تیرماه. طلا گرم هجده و سیصد، دلار صد و هشتاد و هشت و دویست. آنهایی که طلا و دلار با ما خرید کردن سؤال دارن که تا پایان شهریور ماه طلا و دلار با این شرایط چه اعدادی  رو خواهند دید؟ از همه مهمتر اونایی که نتونستن بخرن یا نقدینگی نداشتن یا الان پولشون حاضره، پول نقد دارن، خیلی ابهام داره براشون که هجده و سیصد آیا یه جای ترسناکی برای خرید طلاست؟ صد و هشتاد و هشت  تومن جای ترسناکیه برای خرید دلار یا نه؟ پس این پست رو با همدیگه بیاییم داشته باشیم طلا و دلار رو توی دو ماه گذشته تحلیل بدیم و بگیم که چرا این جای بازار ترس نداره.  اما باید منتظر اعلام مجدد برای خرید باشید. یعنی فرصت ورود که بهتون اعلام کردم خرید بکنید. پس حتماً صفحه رو داشته باشید. این پست هم بفرستید برای اون دوستایی که دلبسته هستن فکر کنم خلشون راحت خواهند شد.  بیاید بریم ببینیم در دو ماه گذشته چه اتفاقی برای بازار طلا و دلار افتاده. در بحبوه اینکه مذاکره میشه، نمیشه، جنگ میشه، نمیشه، طلا و دلار رو به صورت تصنعی، چرا میگم مصنوعی و تصنعی؟ چون طلای گرمی پونزده و ششصد،  دلار زیر محدوده صد و پنجاه و هفت هشت هزار تومن اعدادی بودند که اقتصاد ایران اصلاً نمی‌تونست این اعداد رو بپذیره. چرا؟ با توجه به رشد چشمگیر متأسفانه تورم نقطه به نقطه که هر ماه که میاد ما  رو سورپرایز می‌کنه و سقف جدید می‌زنه، با توجه به خلق نقدینگی که بانک مرکزی مجبوره میگم تو این پست چرا مجبوره خلق نقدینگی، خلق نقدینگی بکنه، اصلاً این اعداد برای اقتصاد امکان‌پذیر نبودن. هم‌زمان چندین بانک هم اختلال براش به وجود  اومد که من اونجا پست آماده کردم گفتم این اختلال بانکی برای اینکه شما نتونید از این فرصت، از این راه خدا، از این راه ویژه استفاده بکنید و بلافاصله دیدید که بازار ریورس کرد.  سقف هجده تومن هم در طلا تثبیت شد. الان هم اِاِاِ محدوده صد و هشتاد هزار تومن در دلار زده شده و داره می‌جنگه برای سقف صد و نود هزار تومن یعنی ATH جدیدش. خب اِاِاِ این عملکرد طلا و دلار در دو ماه گذشته بوده.  حالا بیاییم ببینیم چه رخدادهایی تا شهریور ماه برای ما محتمله. ما متأسفانه درگیر جنگ شدیم. ما اسمشو نمیذاریم پرتابه، ما اسمشو نمیذاریم حملات موقتی به بعضی از مناطق. نه آقا کاملاً وارد جنگ شدیم مجدد با آمریکا و این جنگه چه اتفاقاتی برای ما رقم خواهد  خورد؟ یک درآمد دولت بسیار کم خواهد شد. بسیار هزینه بر روی دوش دولت مقروض خواهد گذاشت. ما سیصد میلیارد دلار که جنگ قبلی تا آتش‌بس هزینه داشتیم از الان به بعد هم هنوز دیتا جدیدی داده نشده که  این ضرر و زیان چه هستش. این رو بذارید در کنار اینکه توی جنگ قبلی بسیاری از پتروشیمی‌هامون مورد حمله قرار گرفتن، یعنی درآمد ارزی دولت باز هم کمتر شده و از همه مهمتر محاصره تنگه هرمز و اجازه ندادن  استفاده کردن از اِاِاِ شمال کشور، پل آقلخ و حرکت به سمت ت-ترکمنستان و ازبکستان و بعد روسیه این اِاِاِ فشار اقتصادی رو بر روی اقتصاد ما بیشتر می‌کنه و دولت چاره‌ای ندارد جز مجدد چاپ پول و چاپ پول یعنی اینکه  متأسفانه هزینه‌های دولت با درآمد همخوانی ندارد. مجبوره یه جورایی فعلاً کوتاه‌مدت یه مسکن بزنه به یک بیمار سرطانی که فعلاً حداقل درد نکشه. پس خلق پول میشه نتیجه‌اش افزایش تورم، افزایش تورم یعنی تا شهریور ماه ابتدا تارگت بهتون میدم طلای  گرمی بیست میلیون به زودی بیست و دو میلیون و بیست و پنج میلیون کاملاً در دسترسه و متأسفم که بگم دلار تا محدوده دویست و بیست هزار تومن هم می‌تونه حرکت بکنه. پس اگر دارید با خیال راحت نگهداری بکنید  اگر هم ندارید اجازه ندارید هر کجایی اقدام به خرید بکنید. من در دو ماه گذشته سه نقطه ورود دادم. دو نقطه برای اونایی که با من خرید کردن. همین دو روز گذشته توی محدوده هفده و هشتصد زمانی که دلار  سقف زد سیگنال عمومی دادم که مجدد اونایی که جا موندن خرید بکنن. فقط باید با من همراه باشی. هر کجایی که با هر خبری، با هر هشتگی، با هر توییتی بازار فرصت ورود داد، اعلام  کنم که خرید بکنی و جا نمونی. پس کماکان بازار طلا و دلار در محدوده value able یا ارزنده قرار داره به واسطه دیتایی که بهتون دادم. اونایی که دارید نگهداری کنید، اونایی هم که  ندارید حتماً استوری‌ها رو دنبال بکنید که نقطه ورود آنجا اعلام خواهد شد. موفق باشید.
drmorid,188000,https://www.instagram.com/reel/DasxqnmqWm7/?igsh=NTczNDd2NXQ1am5p,152000,4767,12700,652,40,این که سپاه اعلام میکنه تنگه هرمز رو میبندن و از طرفی آمریکا به جای حمله به مواضع نظامی داره مواضع اقتصادی کشور رو مورد هدف قرار میده، همگی این‌ها یک سیگنال درش نهفته است. ابرتورم به زودی از راه خواهد رسید.  اون کسری بودجه رو بذارید در کنار فشردگی دو بازار طلا و دلار و یقین دارم که به زودی طلا بر روی سقف خودش و دلار زودتر سقف صد و نود هزار تومن رو خواهد زد.  اما امروز چه دارایی از همه ارزون‌تره؟ اگر جا مانده هستید در بازار طلا و دلار، اگر نمی‌دونید توی بازار بورس چه اتفاقی قراره رقم بخوره و بهترین تصمیم چه هست، در یک وویس سه دقیقه‌ای براتون آماده کردم که چه  اتفاقی قراره تا شهریور ماه رقم بخوره. کلمه تحلیل رو برام کامنت کن. این پست رو بفرست برای دوستات که نمی‌دونن طلا و دلار و بازار بورسشون رو، سهامشون رو چی کار بکنن.  بهتون نقشه راه خواهم داد.
drmorid,188000,https://www.instagram.com/reel/DahzN9moR1S/?igsh=YW15dmI5bngzMGZ4,100000,3027,2860,186,40,همین الان ترامپ اعلام کرد که نقض آتش‌بس بین ایران و آمریکا دیشب اتفاق افتاده. بلافاصله نفت دیدید که پرتاب شد به سمت بالا. اونس ریخت و تتر به محدوده صد و هشتاد و یک هزار تومن رسیده. دیدید که یه رنج منفی سنگین با پنجاه همت هم توی بازار بورس خورد.  امروز درباره‌ی طلا و دلارمون چه تصمیمی بگیریم؟ آیا آپدیت نیاز داره؟ بله، آپدیت نیاز داریم و توی بازار بورس چه کار بکنیم؟ پس این پست برای توئه. فقط پیج رو داشته باشید چون پله  سوم خرید طلا و دلارمون رو به زودی با این خبرها همینجا رسماً اعلام می‌کنم. ما هجده و دویست پله اول طلامون رو خریدیم، پونزده و ششصد و پنجاه پله دوم و امروز با وزنی که بهتون  یاد دادم توی پونزده درصد شدیم. الان چه کار کنیم؟ من دیروز بهتون گفتم چه کار کنید. فقط نگهداری و خرید پله سوم که به زودی اعلام می‌کنم. اما توی بازار بورس اگر تونستید مقداری از سبدتون رو سبک بکنید و به سمت صنایعی نرید که  شاید درگیر پرتاب موشک و انهدام باشن، به نظرم بهترین اتفاق برای شما رقم خورده. و یه نکته بخوام بهتون بگم. توی وویس سه دقیقه‌ای براتون آماده کردم که چه صنایعی توی بازار بورس جذاب‌ترن، چه نمادها در  واقع چه نمادهایی رو مدنظر بگیریم و محدوده‌های تعادلی طلا و دلار هم بهتون گفتم. کلمه‌ی تحلیل رو برام بنویسید، براتون ارسال می‌کنم. این پست رو بفرستید برای دوستانی که حس جا ماندگی دارن از بازار طلا و  دلار و استرس توی بازار بورس. به نظرم محصل آن چیزی که توی دو سه روز گذشته در ایران اتفاق افتاده، امروز سخنان ترامپ بوده و باید همه‌ی ما مراقب باشیم. یاد بگیریم نه از بازار جلو بزنیم نه عقب بیفتیم.  با استراتژی، بیشترین بازده انتظار من و شما رو داره.
drmorid,188000,https://www.instagram.com/reel/Daf1cCLIp0Q/?igsh=ZDBycno0NTk5Z25w,124000,3476,4892,489,41,آیا طلا قراره دیگه محدوده بیست و دو و پونصد یعنی سقف تاریخی خودشو نبینه و قراره از همینجا یک ریزش تاریخی رو ثبت بکنه به واسطه تحلیل بسیاری از تحلیل‌گران در فضای مجازی که به امضای تفاهم‌نامه آزادسازی پول‌های  بلوکه شده مردم و از همه مهم‌تر سیصد میلیارد دلار سرمایه‌گذاری آمریکا در ایران امیدوارن. اما من در این پست می‌خوام بهتون بگم که همچین چیزی اصلاً محقق نمی‌شه. کف طلا همون محدوده پونزده و شیشصدیه که ما با همدیگه خرید کردیم و اعلام عمومی کردیم.  و اگر طلا دارید یا جا ماندید این پست برای شماست. پس این پست رو اول سیو کنید برای دوستایی که جا موندن از بازار طلا یا روی سقف‌های بالاتر طلا خریدن و الان استرس دارن این پست رو بفرستید که با خیال  راحت امسال رو در کنار هم در بازار طلا سرمایه‌گذاری امن داشته باشیم. اما قضیه از چه قراره؟ اصلاً قرار نیست که به نظر من تفاهم‌نامه به صلح به خط بشه. به واسطه حالا مراسم تدفینی هم که امروز در قم بود یک بنر  صد میلیون دلاری امضای در واقع ترور ترامپ و جایزه‌ای که برای ترامپ در نظر گرفته بودن و از اون طرف هم در واقع نقض مکرر آتش‌بس در جنوب ایران و در جنوب لبنان، کاملاً مشخصه که اصلاً قرار نیست  پولی به ایران برسه، اقتصاد ایران قوی بشه و قرار نیست که در واقع به یک ساختار در واقع جمع‌بندی برسیم و اتمسفر و دیدگاه اقتصادی هر دو طیف کاملاً از قبل مشخصه. این شصت روز فقط به واسطه برگزاری جام جهانی  و احتمالاً پر کردن ذخایر نفتی و انرژی‌ست که شاید خیلی از کشورها سورپرایز شدن به واسطه بستن تنگه هرمز توسط ما که اصلاً فکرشو نمی‌کردن ما بتونیم تنگه هرمز رو ببندیم. پس من همین جاها کف طلا رو می‌دونم.  ما محدوده هجده و دویست تا پونزده و ششصد خریدمون پنجاه درصدش تکمیل شده. به زودی نقطه دوم، نقطه سوم رو بهتون خواهم گفت. توی محدوده تعادلی شونزده و دویست بهترین نقطه خرید طلاست. اما اگر نمی‌دونی که چه مدلی باید الان در بازار طلا سرمایه‌گذاری بکنی، یه  ویس دو دقیقه‌ای برات آماده کردم. کلمه طلا رو برام کامنت کن. بهت میگم توی دایرکت که چجوری سرمایه‌گذاری بکنی که با ریسک صفر کنارمون باشی و از همه مهم‌تر اگر طلا داری، دلار داری نگه دار.  اینجا جای فروش نیست. موفق باشین.
drmorid,188000,https://www.instagram.com/reel/DaQPK\_AImi4/?igsh=d21ja2w5bXdna2p0,303000,8663,577,2360,132,من اگر جای شما باشم هفته آینده برای خرید طلا عجله نمی‌کنم. به سه دلیل بهتون میگم که دست نگه دارید و من همونی‌ام که در محدوده هجده و دویست محدوده پونزده و ششصد و پنجاه اعلام عمومی خرید طلا در پیجم کردم و امروز که هفده و صده ما در یک  سود بسیار جذاب و منطقی قرار داریم. ولی از فرصت‌ها و تهدیدهای هفته آینده هم اطلاع داریم. پس دست نگه خواهیم داشت بنا به دلایلی اگر اون اتفاق رخ بده هفته آینده توی استوری اعلام می‌کنم و نقطه سوم  خریدمون رو هم تکمیل خواهیم کرد. حالا چرا بهتون میگم اگر جا موندید از بازار طلا فعلاً دست نگه دارید. نکته اول، اونس جهانی یک روند نزولی داره که فعلاً با توجه به تحلیلی که براتون این پایین می‌ذارم یک ساختار نقدینگی رو جمع  کرده ولی تا چهارصد رو نتونه بشکونه به سمت بالا این روند نزولی ادامه داره و با توجه به رخدادهای هفته آینده به نظر میاد که می‌تونه حتی کفش رو از دست بده و به محدوده سه و هشتصد  و محدوده سه و ششصد برسه. پس اگر اونس جهانی به اون محدوده‌هایی که ما می‌خوایم رسید اعلام عمومی می‌کنم و اونجا می‌تونید اگر جا موندید اقدام به خرید بکنید. نکته بعدی، هفته آینده رسماً ایران کشور عزیزمون نیمه تعطیله.  یعنی در تهران در یک سری از روزها در مشهد، در قم و در اقصی نقاط ایران تق-تقریباً می‌تونم بگم که بازار طلا نیمه تعطیل خواهد بود و اون قیمتی که طلا منصفانه است کشف نمی‌شه.  و اگر دلار یک هیجان مثل امروز داشته باشه احتمالاً سرتون کلاه خواهد رفت. یعنی تو یک عدد شاید غیر منطقی و غیرنرمال اقدام به خرید طلا خواهید کرد. پس یک بنا به دلیل اونس، دو بنا به دلیل اینکه بازار نیمه تعطیل خواهد  بود و اون حجم رو که می‌خوایم در بازار طلا زده نخواهد شد. و نکته سوم بنا به دلیل اینکه دلار می‌تونه توی این بازار نیمه تعطیل نوسانات عجیب و غریب داشته باشه و ما به  عنوان یک سرمایه‌گذار دنبال این نوسانات نیستیم، قطعاً صبوری خواهیم کرد. اما دستمون روی ماشه است و منتظر فرصتی. و من بهتون هفته آینده اگر اون نقطه‌ای که مدنظرمونه بخوایم خرید بکنیم تأییدش  رو بگیرم بلافاصله اعلام، اعلام می‌کنم که شما هم اقدام به خرید بکنید. پس پیج رو حتما داشته باشید و برای دوستانتون که حس جا ماندگی و عقب افتادن در بازار طلا داشتن این پست رو ارسال بکنید.  امیدوارم به اون عددها با هم برسیم و بتونیم بهترین اتفاق برامون رقم بیفته. به نظر شما آیا بازار مجدد محدوده پونزده و ششصد و پنجاه که اون نقطه دوم ما و احتمالاً حس جا ماندگی شماست رو هفته آینده بهمون خواهد داد بر اساس اصلاح  دلار و اصلاح اونس یا نه؟ برام توی کامنت‌ها بنویسید و بنویسید آخر سال از نظر شما طلا گرمی چنده؟ موفق باشید
drmorid,188000,https://www.instagram.com/reel/DaNdStqIDvs/?igsh=c2Q5bXc1dGx1NXE0,102000,4250,9791,466,53,بازار بورس تا کجا صعودی خواهد بود و آیا قراره بلای سال 99 مجدد سر من و شما بیاد؟ یعنی بعد از یک رشد چشمگیر در بازار بورس یک ریزش چندصد روزه رو قراره ما همه با همدیگه تحمل  بکنیم و بپذیریمش یا اصلاً اتمسفر بورس 1405 با سال 99 یکی نیست. من می‌خوام توی این پست خیلی شفاف و دقیق بگم که پیش‌بینی‌ام برای بازار بورس تا چه اعداد و ارقامی در شاخص کل و از همه مهم‌تر  چه صنایعی و چه نمادهایی مد نظرمه. پس این پست برای جاماندگان بازار بورس و برای اونایی هم که نمی‌دونن امروز توی بازار روی تابلو چه کار باید بکنن و این پست رو اول save بکنید برای اون دوستا بفرستید و بیاید  بریم ببینیم چه اتفاقی قراره رقم می‌فته. اصلاً اجازه نداریم من و شما الان بازار بورس رو با سال 99 با یک با همدیگه یکی بکنیم و متر و معیار بزنیم. چرا؟ شما در سال 99 بسیاری از نمادها بازده‌های  هفتصد، هشتصد، هزار و پونصد درصدی داشتن. ولی الان اگر بخوام از کف بازار بورس بهتون بگم تا اینجای کار که در واقع توی تیرماه 1405 هستیم، همچین سودای هزار و چهارصد، پونصد درصدی‌ای وجود نداره و خیلی از صنایع هم  اتفاقاً با صورت‌های مالی که منتشر می‌کنند، اِاِاِ می‌تونم بگم که P/E‌های بسیار جذابی داره. از اینجا به بعد بازار یعنی الان که دارم باهاتون صحبت می‌کنم پنج میلیون و صد و بیست و هفت هزار واحد  شاخص کل، بازار تخصصی خواهد بود. شما باید تحلیل‌گر بسیار خبره‌ای باشید. به نظر من سود هست ولی نه برای همه بازار و از اینجا به بعد بازار باید مباحث بنیادی رو هم درگیر بکنید.  یعنی هر سهمی از این به بعد توی سبد سرمایه‌گذاری‌تون نباشه و همونقدر که دکمه ورود دارید و یک واچ لیست خوب طراحی می‌کنید، باید یاد بگیرید دکمه خروجه‌تون رو هم از الان به بعد آماده بکنید.  یعنی من نمی‌خواهم مثل سال 99 بخش عمده‌ای از سودم رو بازار ازم پس بگیره. پس سعی می‌کنم اِاِاِ با یک واچ لیست خوب استرس اینکه چه سهمی رو فردا بخرم اگر امروز فروختم از خودم دور بکنم  و از این به بعد هر صنعتی به درد سرمایه‌گذاری من نخواهد خورد. من پیش‌بینی‌ام بر اینه که بازار ابتدا الان توی کمپلکس محدوده پنج میلیون تا پنج و دویسته، توی شاخص کل.  اگر بتونیم پنج و دویست رو فردا بشکونیم می‌تونیم برای پنج و چهارصد و بعد محدوده شش میلیون واحد بریم. تثبیت بالای شش میلیون واحد می‌تونه اعداد و ارقام دیگه‌ای رو هم برای ما به همراه داشته باشه.  ولی از اینجا به بعد بازار چون من می‌دانم بازار گران نیست اما ارزان هم نیست، پس طبق نقشه روز به روز با همدیگه توی استوری‌ها استراتژیمون رو آپدیت خواهیم کرد. اگر نمی‌دونید چه صنایعی توی واچ لیست من  است، چه نمادهایی رو خرید می‌کنم، البته امروز همه رو توی استوری‌ها اعلام کردم. برام کلمه بورس رو بنویس برات توی دایرکت ارسال می‌کنم. پیش‌بینی‌ت از بازار بورس چیه؟ آیا قراره بازار بریزه یا صعودیه؟ توی کامنت‌ها برام  بنویس با همدیگه بیشتر صحبت می‌کنیم. موفق باشید.
drmorid,188000,https://www.instagram.com/reel/DaNdStqIDvs/?igsh=c2Q5bXc1dGx1NXE0,133000,3518,4009,672,56,بازار بورس تا کجا صعودی خواهد بود و آیا قراره بلای سال 99 مجدد سر من و شما بیاد؟ یعنی بعد از یک رشد چشمگیر در بازار بورس یک ریزش چندصد روزه رو قراره ما همه با همدیگه تحمل  بکنیم و بپذیریمش یا اصلاً اتمسفر بورس 1405 با سال 99 یکی نیست. من می‌خوام توی این پست خیلی شفاف و دقیق بگم که پیش‌بینی‌ام برای بازار بورس تا چه اعداد و ارقامی در شاخص کل و از همه مهم‌تر  چه صنایعی و چه نمادهایی مد نظرمه. پس این پست برای جاماندگان بازار بورس و برای اونایی هم که نمی‌دونن امروز توی بازار روی تابلو چه کار باید بکنن و این پست رو اول save بکنید برای اون دوستا بفرستید و بیاید  بریم ببینیم چه اتفاقی قراره رقم می‌فته. اصلاً اجازه نداریم من و شما الان بازار بورس رو با سال 99 با یک با همدیگه یکی بکنیم و متر و معیار بزنیم. چرا؟ شما در سال 99 بسیاری از نمادها بازده‌های  هفتصد، هشتصد، هزار و پونصد درصدی داشتن. ولی الان اگر بخوام از کف بازار بورس بهتون بگم تا اینجای کار که در واقع توی تیرماه 1405 هستیم، همچین سودای هزار و چهارصد، پونصد درصدی‌ای وجود نداره و خیلی از صنایع هم  اتفاقاً با صورت‌های مالی که منتشر می‌کنند، اِاِاِ می‌تونم بگم که P/E‌های بسیار جذابی داره. از اینجا به بعد بازار یعنی الان که دارم باهاتون صحبت می‌کنم پنج میلیون و صد و بیست و هفت هزار واحد  شاخص کل، بازار تخصصی خواهد بود. شما باید تحلیل‌گر بسیار خبره‌ای باشید. به نظر من سود هست ولی نه برای همه بازار و از اینجا به بعد بازار باید مباحث بنیادی رو هم درگیر بکنید.  یعنی هر سهمی از این به بعد توی سبد سرمایه‌گذاری‌تون نباشه و همونقدر که دکمه ورود دارید و یک واچ لیست خوب طراحی می‌کنید، باید یاد بگیرید دکمه خروجه‌تون رو هم از الان به بعد آماده بکنید.  یعنی من نمی‌خواهم مثل سال 99 بخش عمده‌ای از سودم رو بازار ازم پس بگیره. پس سعی می‌کنم اِاِاِ با یک واچ لیست خوب استرس اینکه چه سهمی رو فردا بخرم اگر امروز فروختم از خودم دور بکنم  و از این به بعد هر صنعتی به درد سرمایه‌گذاری من نخواهد خورد. من پیش‌بینی‌ام بر اینه که بازار ابتدا الان توی کمپلکس محدوده پنج میلیون تا پنج و دویسته، توی شاخص کل.  اگر بتونیم پنج و دویست رو فردا بشکونیم می‌تونیم برای پنج و چهارصد و بعد محدوده شش میلیون واحد بریم. تثبیت بالای شش میلیون واحد می‌تونه اعداد و ارقام دیگه‌ای رو هم برای ما به همراه داشته باشه.  ولی از اینجا به بعد بازار چون من می‌دانم بازار گران نیست اما ارزان هم نیست، پس طبق نقشه روز به روز با همدیگه توی استوری‌ها استراتژیمون رو آپدیت خواهیم کرد. اگر نمی‌دونید چه صنایعی توی واچ لیست من  است، چه نمادهایی رو خرید می‌کنم، البته امروز همه رو توی استوری‌ها اعلام کردم. برام کلمه بورس رو بنویس برات توی دایرکت ارسال می‌کنم. پیش‌بینی‌ت از بازار بورس چیه؟ آیا قراره بازار بریزه یا صعودیه؟ توی کامنت‌ها برام  بنویس با همدیگه بیشتر صحبت می‌کنیم. موفق باشید.
drmorid,188000,https://www.instagram.com/reel/DZr0PnbIT3j/?igsh=MXdsZndjOHk2aHJybA==,202000,6607,571,1457,72,من که دیروز از عجیب‌ترین اتفاق بازار طلا توی سال‌های گذشته نهایت بهره رو بردم و تو پست قبلی هم اعلام کردم که دارم میرم بازار طلا و طلا بخرم و اتفاقاً خیلی هم کمکم کرد.  اما اگر شما طلا داری و دلار داری و توی ضرر هستی یا قصد خرید طلا و دلار رو داری توصیه می‌کنم این پستو تا انتها گوش بده و بعد خودت تصمیم بگیر و منطقت رو درگیر بکن.  بیایید بریم ببینیم که چه اتفاقاتی در هفته‌های گذشته توی بازار طلا و دلار رقم خورده و مدل‌های مشابه قبلیش چه مدلی رفتار کردن. دیگه این امضای تفاهم‌نامه بین ایران و امریکا از برجام که دیگه قوی‌تر که نبوده.  طلا و دلار بعد از امضای برجام حدود یک ماه ریزشی شدند و بلافاصله با یک افزایشی سه ماه بعد سقف قبلی خودشونو زدند. چرا؟ چون این برجام بر روی شرایط اقتصادی کشور تثبیت نشد و ثبت نشد و اثراتشو ما ندیدیم.  هر چند که همین امروز ترامپ اعلام کرد که خبری از پول‌های بلوکه شده نیست. اما با خبر امضای تفاهم‌نامه و از همه مهم‌تر اختلال همزمان چهار بانکی که سی و پنج شش درصد نقدینگی کل کشور رو دارن طلا به  یکباره از محدوده هجده میلیون تا محدوده پونزده و پونصد و ششصد سقوط آزاد کرد. حالا چجوری این اختلال توی بانک‌ها باعث سقوط آزاد بازار طلا میشه؟ اگر توی بازار طلا رفته باشید و طلا فروخته باشید یا می‌خواستید طلا بخرید می‌دونید که یک نفر  مأمور زنگ زدن به برنکدار اصلیشونه که میگه آقا ا-الان طلا چقدر؟ مثلاً میگه شونزده و ششصد. میگه بیست گرم مال من. این بیست گرم مال من یعنی حرفیه که انگاری اون طلافروشه امضا کرده و فردا باید پولشو بده.  حالا شما فرض کنید که از طلا فروش طلا خریدید و بعد می‌خواید برید پولشو واریز کنید. بانک اختلال دارد. خب دو تا حالت براتون وجود داره. یا طلا فروش به واسطه عدم پرداخت تون  باید حراج بزنه و طلاتونو زیر قیمتی که شما خریدید با ضرر بفروشه یا اینکه پولتونو در واقع طلاتونو می‌تونه بلوکه کنه. بلوکه چه مدلیه؟ میگه آقا من این پول طلا رو ازت مث به عنوان مثال فردا یا  پسفردا می‌گیرم ولی به ازای هر مثقال باید یه میلیون به من پول بدی تا زمانی که بخوای تسویه بکنی و این عدم تثبیت و در واقع شرایط متعادل توی نظام عرضه و تقاضا باعث ریزش بازار طلا شد.  من نظر شخصیم رو بگم. من نهایت استفاده رو کردم. همونی هم که توی هجده و دویست گفتم یه پله خریدم با قانون بیست سی پنجاه. پله دومو دیروز خریدم.  رفتم بانک طلا گرمی شونزده و صد بود. جاهایی که تونستم واریز بکنم و پرداخت بکنم پونزده و ششصد و پنجاه خرید کردم و به نفعم شد و الان می‌خوام بهتون بگم به نظرم این داستان بوداره و یک سری‌ها  از Smart Money‌ها دارن خرید می‌کنن. یقین بدونید که طلا توی این اعداد و ارقام باقی نخواهد ماند و ما هر روز می‌خوایم آپدیت بازار طلا و دلار رو در کنار شما باشیم.  پس من در ساید خرید بودم. رسماً اعلام کردم من مثل خیلیا دو پهلو صحبت نمی‌کنم و بالا و پایینشو هر دو سناریو نمیگم. تک سناریو دارم. باهاتون تو هزار و چهارصد و پنج میام جلو.  اگر می‌خوای که آپدیت تحلیل و پله سوم خرید که اصل کاریه خریدمون توی بازار طلا هزار و چهارصد و پنج رو از دست ندی حتماً صفحه رو فالو داشته باش و این پست هم برای دوستات بفرست که  ضرر کردن شاید تصمیم بهتری داشته باشن. از نظر من زمان دارن می‌خرن که سوار شن. موفق باشید.
drmorid,188000,https://www.instagram.com/reel/DZe4Tk2I96A/?igsh=aDh0bzdsYmhwd3Jv,474000,7886,905,1637,117,همین الان یه خبر فوری اومد که میتونه ورق بازار طلا، دلار و بازار بورس رو در هفته آینده برگردونه. طبق آخرین خبری که همین الان مخابره شد، قرار هست که یکشنبه هفته آینده بین ایران  و آمریکا توافقنامه در ژنو امضا بشود. آیا بازار بورس کماکان در مدار سود خواهد بود یا آغاز اصلاحشه؟ آیا طلا جاماندگیشو به نسبت دلار خواهد داشت و آیا دلار وارد یک ریزش تاریخی خواهد شد؟ من توی این  پست می‌خوام تمام و کمال دیتا رو بهتون بدم و با آمار و ارقام با همدیگه صحبت بکنیم و نیازی نیست هم هیچ کلمه‌ای رو برام بفرستید. اول بریم درباره بازار بورس.  توافق قطعاً می‌تواند بازار بورسی که چهارشنبه هفته گذشته سقف تاریخی یا ATH جدیدی رو زد باز هم به سمت اهداف بالاتر پرتاب بکنه. پس میریم دنبال صنایعی که جامانده هستند و احتمالاً در حال تکمیل پولبک روی سقف جدیدشون.  پس این از بازار بورس که خبر بسیار خوب خواهد بود. اما بازار طلا و دلار. طلا در این دو سه هفته گذشته به نسبت دلار جاماندگی کاملاً محسوسی رو داشته و اگر خبر توافق بیاد، درسته که دلار اصلاح خواهد کرد  اما فرقی که فکر کنید دلار مثلاً میشه صد و ده بیست هزار تومن، نه. کف دلار کاملاً مشخصه، صد و شصت هزار تومن و کف جدیدی که الان در اقتصاد ایران داریم صد و هفتاد هزار تومنه.  پس احتمالاً با اصلاح کوچک دلار اگر دلار اصلاح بکنه، طلا جاماندگی خودش رو به نسبت دلار هج خواهد کرد و احتمالاً گزینه بسیار جذابی خواهد بود. پس برای هفته آینده اگر بورس باز هستید و اگر می‌توانید در حوزه تابلوخوانی  و تحلیل تکنیکال خوب عمل بکنید، می‌توانید در بازار بورس سرمایه گذاری بکنید. به نظرم گزینه اول بازار بورس خواهد بود. اما اگر بورس رو بلد نیستید و ترس دارید، می‌توانید برید در بازار طلا، طلای آب شده  رو روی محدوده‌های قیمتی شنبه تقریباً هفده و هشتصد نهصد خرید بکنید و احتمالاً طلا به تا دو سه هفته آینده به سقف بیست و دو تومن خودش احتمالاً خواهد رسید. پس من خیلی شفاف گفتم.  می‌دونم خیلیاتون طلا دارید، طلا جامونده به نسبت بقیه بازار و حس جاماندگی دارید و تصمیمات هیجانی می‌تونید بگیرید. پس این پیج رو داشته باشید چون قراره با همدیگه پله دوم و سوم خرید طلامونو با هم انجام بدیم و برای دوستانی  که حس جاماندگی دارند به نسبت بازارهای مالی ارسال کنید شاید کمکشون کنه.
drmorid,188000,https://www.instagram.com/reel/DZkX3G-IX77/?igsh=MXRiaGN3b3pkbmNnMQ==,179000,4010,2192,704,78,با توافق نامه‌ای که امروز بین ایران و آمریکا امضا می‌شه، بازار طلا و دلار تکلیفشون چی می‌شه؟ خوب دقت کنید قراره توی این پست کامل و شفاف بگم که نقشه راه معاملاتی ما در سال هزار و  چهارصد و پنج تو این دو بازار چیست و این توافقنامه آیا فرصت خرید به ما خواهد داد یا همینجا باید بفروشیم و از بازار خارج بشیم. هیچ عددی هم نمی‌خواد برام بفرستی، فقط این پست  رو سیو کن و بفرست برای دوستایی که طلا و دلار دارن و توی ضرر هستن. قضیه از چه قراره؟ هیئت قطری الان داره میاد ایران و می‌خواد یک توافق‌نامه‌ای رو بین ایران و آمریکا امضا بکنن به صورت الکترونیک.  از این طرف آقای قالیباف میاد، از اون طرف آقای ونس و مفاد قرارداد رو با همدیگه بیایید بررسی بکنیم. تنگه هرمز باز شود بدون هیچ قید و شرطی. نکته دوم تحریم‌ها رفع می‌شود ولی زمان‌بندی براش داده نشده.  نکته سوم آزادسازی پول‌های مسدود شده توی این توافقنامه باز هم گنگ و مبهمه. اینو بذارید کنار اون صحبتی که ترامپ کرد که گفت ایران با توجه به حمله که به کشورهای عربی کرده، ما پول‌های بلوکه شده ایران رو می‌خوایم بدیم به کشورهای عربی برای  جبران خسارت جنگی که براشون اتفاق افتاده و نکته بسیار مهم‌تر، بعد از این توافقنامه تازه می‌خوان برن بشینن با همدیگه ببینن چجوری جنگ رو می‌تونن به اتمام برسونن و از همه مهم‌تر مواد هسته‌ای و متأسفانه حالا اون  اورانیوم هسته‌ای‌مون رو باید رقیق بکنیم. ولی من چیزی نمی‌بینم از نظر اقتصادی که به نفع اقتصاد ایران شده باشه. پس از نظر من این توافقنامه خوشبختانه ریسک جنگ رو برای ما می‌تونه کم بکنه که به نفع بازار بورس می‌تونه باشه اتفاقاً.  که الان گل ماجرا بازار بورسه بهتون خواهم گفت. ولی برای اقتصاد ایران هیچ تأثیری ندارد. از نظر من یک کاغذ پاره‌ست. حالا چه اتفاقی افتاده؟ با خبر مذاکرات و خبر توافقنامه طلا تا محدوده هفده و تقریباً دویست اومده.  از طرفی تتر هم تا محدوده صد و شش، صد و شصت و تقریباً هفت هشت تومن اومد. ولی الان که با هم صحبت می‌کنیم که اسرائیل مجدد به لبنان حمله کرد و خبر ترور نعیم قاسم اومده که حالا معلوم نیست هنوز تایید بشود  یا نشود، باز هم ریسک درگیری و حتی زدن زیر این توافق هم وجود داره. خیلی ساده بخوام بهتون بگم ما در تحریم قرار داریم. مکانیسم ماشه فعال شده. سیصد و پنجاه میلیارد دلار هزینه اضافی بر روش  دولتی که مغروزه است بابت هزینه‌های جنگ اضافه شده و دولت نمی‌تواند مثل قبل درآمد داشته باشد. پس از نظر من کف دلار همین جاهاست محدوده صد و هفتاد تومن توی پست‌های قبلی هم بهتون گفتم. طلا هم تا محدوده  هجده و دویست که ما خریدیم تا هفده تومن هفده و صد که اومده اگر خرید کردی به طلاتون زمان بدهید. اگر طلای منفی دارید زمان بدهید و سعی کنید توی محدوده تعادلی که ما قراره امسال با همدیگه  بخریم که تو همین پیج بهتون اعلام می‌کنم که شونزده تومن پله دوممون یا محدوده شونزده و پونصد بسته به شرایط سیگنال عمومی اعلام می‌کنم و با هم خرید خواهیم کرد، سعی می‌کنیم توی اون ساختارها گرماژمون رو ببریم بالا.  از نظر من کف بازار طلا از نظر اقتصاد ایران همین جاها می‌تونه باشه. هر چقدر با خبر توافق بیاد من تو ساید خرید می‌شینم و فروشنده نیستم و به طلایی که خریدم زمان میدم. اگر می‌خواهی که روز چهارشنبه توی یک کلاس  خفن بورسی بیای و ردصد جریان نقدینگی رو هم یاد بگیری کنار ما کلمه بورس رو این پایین برام بنویس. قراره توی چهار ساعت بهت یاد بدم Smart Money توی صندوق‌های طلا و توی  بازار بورس چجوری رد پاشون مشخصه. پس این دوره رو از دست نده. موفق باشید.
drmorid,188000,https://www.instagram.com/reel/DZSffKfoDuQ/?igsh=Zm53OHdxbzR2aWpw,142000,2927,3059,368,52,همین الان یه خبر فوری اومد. اسرائیل مجدد به جنوب لبنان حمله کرد. این یعنی نقض آتش‌بس و بلافاصله ترامپ اومد اعلام کرد که لبنان جزء آتش‌بس نیست و پول‌های بلوکه شده ایران رو پس نخواهیم داد.  آیا ما پس از جام جهانی یک تقابل نظامی داریم یا این شرایط بلاتکلیف کماکان همه ما رو سردرگم کرده؟ قراره توی این پست با سه سناریو بگم در بازار طلا، دلار، بورس و مسکن چه اتفاقی رقم خواهد خورد و اگر سرنوشت  سرمایه‌ت برات خیلی مهمه، توصیه می‌کنم این پست رو با دقت ببینی و سیو بکنی چون قراره با اعداد و ارقام بهت بگم چه اتفاقاتی قراره رقم بیفته. بریم روی سناریوها.  سناریو اول، شرایط کنونی باقی بمونه. یعنی چی؟ یعنی درگیر یک صلح نه، ولی آتش‌بس نصفه و نیمه نه، یه شبی ما به اونا حمله کنیم، یه شبی اونا به ما حمله کنن، ولی همین شرایط رو ادامه بدیم.  این یعنی ما درگیر یک تورم نود تا صد درصدی خواهیم بود. این یعنی دلار دویست چهل، پنجاه هزار تومنه. این یعنی طلای گرمی سی و پنج میلیون تومن دور از ذهن نیست. پس توی این شرایط طلا و دلار می‌تونن دارایی‌های امن‌تری باشن. اما بورس کماکان صعودیه.  اگر توی بورس می‌خوایم توی این شرایط سرمایه‌گذاری بکنیم باید بگردیم دنبال صنایعی که کمتر از جنگ آسیب می‌بینن؛ حتی جنگ براشون نعمته و بازار مسکن هم می‌تونه کماکان درگیر نظام عرضه و تقاضای خودش باشه، چون هنوز از رونق نیفتاده.  اما سناریو دوم، ایران بیاد و برنده این جنگ بشه. یعنی با اون موشک‌پرکنی‌هایی که انجام می‌دیم بالاخره آمریکا تسلیم بشه بگه آقا کاری به غنی‌سازی اورانیوم ندارم که به نظرم یه جورایی فرض محال خواهد بود.  چه اتفاقی رقم خواهد خورد؟ قطعاً ما باز هم درگیر یک تورم خواهیم بود. چرا؟ چون به این سادگی‌ها نمی‌ذارن آب خوش از گلوی اقتصاد ایران پایین بره و قطع به یقین ما این تورم رو لمس خواهیم کرد. یعنی مجدد طلا و دلار جذاب خواهد بود  و نکته بسیار مهم، بورس می‌تونه رشد چشمگیری برای خودش به همراه داشته باشه. اما بریم به سناریو سوم، یعنی آمریکا دست بالا باشه، یعنی یه change of character شاید یه نظریه گوی سیاه اتفاق بیفته.  قطعاً طلا و دلار ریزش‌های سنگینی رو متحمل خواهند شد و بازار مسکن و بازار بورس میشه گزینه‌ی جذاب برای سرمایه‌گذاری. ولی من نمی‌خوام درباره سه سناریو صحبت کنم. ما می‌خوایم با همدیگه توی وبیناری که داریم  روز سه شنبه یا چهارشنبه همین هفته که همین الان می‌تونی به صورت رایگان جاتو رزرو کنی با نوشتن کلمه وبینار اطلاعاتشو برات می‌فرستم، یک سبد سرمایه‌گذاری بهینه رو به شما تقدیم کنیم. یعنی با هر سه سناریو با یک چیدمان سبد  بتونیم بهترین gain رو با کمترین ریسک برداریم. پس نمی‌شه این سه سناریو رو تا محقق بشه به عنوان سناریو سرمایه‌گذاری خودمون در نظر بگیریم و قراره روز سه شنبه یا چهارشنبه بهترین نوع چیدمان رو تقدیمتون بکنم.  اگر دوست داری که دوستات و خانواده‌ت هم کنارمون باشن توی این وبینار که کانال‌های VIP دارن ده، پونزده میلیون بابتش پول می‌گیرن، این پست رو برای دوستات سیو کن، کلمه وبینار رو بنویس، روز سه شنبه یا چهارشنبه می‌بینمت.
drmorid,188000,https://www.instagram.com/reel/DZUjH16I18t/?igsh=MWVzM2JjZjBoc2JsOQ==,132000,3463,7508,616,49,شاید باورتون نشه که حوثی‌های یمن می‌تونن بهترین نقطه خرید طلا در سال هزار و چهارصد و پنج رو توی بازار ایران برای من و شما به ارمغان بیارن که اگر از این فرصت استفاده نکنیم شاید دیگر تکرار نشود.  پس توصیه می‌کنم در ادامه пост با من همراه باشید و این پست رو بفرستید برای دوستان‌تون و برای اعضای خانواده‌تون و علی الخصوص اونایی که طلا و دلار رو خریدن و الان توی منفی و ضرر هستن.  اینا شاید تصمیمات ریسکی بکنن و اینجا طلا و دلارشونو بفروشن و برن تبدیل بکنن به ریال یا بالعکس. بیایید ببینیم درباره چی دارم صحبت می‌کنم. خب همه‌تون می‌دونید ما یک درگیری جدید رو دیشب بین ایران و اسرائیل آغاز شده که این  درگیری می‌تواند به بحران انرژی تبدیل بشود. بحران انرژی یعنی چی؟ یعنی اگر درگیری ادامه‌دار بشه، یعنی تبدیل به جنگ بشه مجدداً، چون تا الان هم هیچکس نگفته آتش‌بس نقض شده، احتمالاً انرژی از در واقع خاورمیانه و تنگه  هرمز خارج نخواهد شد و این بحران خودش رو بر روی قیمت نفت جهانی نشون میده. از طرفی هم یمن اومده اعلام کرده که اگر این درگیری ادامه پیدا بکنه، من هم باب‌المندب رو خواهم بست.  یعنی ما بخشی از این کسری انرژی در واقع از دریای سرخ و تنگه باب‌المندب جبران می‌شد که اگر اونجا هم بسته بشود، دیگر برای دولت‌ها خرید طلا اولویت اول نیست و میرن به جای خرید طلا که همین  الان هم دارن بانک‌های مرکزی کشور خرید می‌کنن، میرن و در صف خرید انرژی می‌شینن. یعنی ریزش اونس جهانی قراره اتفاق بیفته. اصلاح طلا این روزها در کشور ما با اصلاح دلار نخواهد بود. من توی دو پست قبلی گفتم چهارده پونزده روزه  که کف دلار محدوده صد و هفتاد هزار تومنه و امروز برید ببینید که روی چه اعدادی داره در واقع دلار معامله میشه و نکته بسیار مهم‌تر، این ریزش اونس می‌تواند طلای داخلی رو هم تحت تأثیر قرار بده و  پله دوم خرید ما رو فعال بکنه. همه‌تون می‌دونین ما روی هجده و دویست پله اول طلا رو خریدیم. پس الان باید انتخاب بکنیم آیا صندوق‌های طلا رو انتخاب بکنیم برای سرمایه‌گذاری یا طلای فیزیکی؟ من یه فرمول گذاشتم که هر  دو تا رو با همدیگه هج کردم. یعنی هم ریسک نگهداری و هم ریسک جنگ رو کنار هم قرار دادم. یک پارت از خرید طلام برای سود کوتاه‌مدته که باید احتمالاً بره توی صندوق‌های طلا. چه صندوقی بخریم؟ با چه در واقع درصدی  از گواهی شمش و گواهی سکه و طلای فیزیکی رو روی چه قیمت‌هایی خرید بکنیم؟ کلمه طلا رو برام بفرستید. روز سه شنبه هم یه کار خیلی مهم یعنی فردا باهاتون دارم که قطعاً می‌تونه خیلی کمکتون بکنه.  طلا رو برام بفرستید توی دایرکت براتون ارسال می‌کنم. یادتون نره پیج رو داشته باشید. قراره امسال با همدیگه طلا و دلار بخریم.
drmorid,188000,https://www.instagram.com/reel/DZZ-uAVoJ7w/?igsh=MjRjdWZrdm1nYmMw,176000,4574,2665,861,73,امروز طلا به گرم هفده و هشتصد و پنجاه رسید با حباب منفی نیم درصد. آیا واقعاً سال هزار و چهارصد و پنج سالیه که دیگه دوران بازار طلا به اتمام رسیده و شما باید بپذیرید با ده درصد، پونزده درصد منفی  طلاتونو نقد کنید، برید ضررتونو توی بازار بورس، بازار خودرو و مسکن جبران بکنید یا باید با استراتژی هدفمند توی این بازار بمونید؟ این سؤال رو می‌خوام بهتون پاسخ بدم که آیا واقعاً دوران بازار طلا سر رسیده. خواهش می‌کنم این پست رو برای دوستانتون بفرستید که  توی بازار طلا سرمایه‌گذاری کردن و اتفاقاً توی ضررن و نمی‌دونن که باید چی کار بکنن. بیاید بهتون کامل با اعداد و ارقام جواب بدم. هیچ عددی هم نمی‌خوام بفرستید. همینجا کامل بهتون میگم که چه اتفاقی قراره رقم بخوره.  بازار طلای داخلی دو متر و معیار و پارامتر برای قیمت‌گذاری داره. اولیش قیمت دلار، دومیش اونس جهانی. اگر دقت بکنید روی چارت دلار ما کماکان اعداد بالاتر رو داریم می‌بینیم یعنی الان محدوده صد و هفتاد و هشت تومن داره دلار  معامله میشه و توی بیست روز گذشته اصلاً زیر صد و هفتاد تومن نیومدیم. در گذشته قبل از جنگ، هفتاد درصد وزن قیمت‌گذاری طلا، دلار بوده. خب می‌بینید که این روندش صعودیه. اما کجا؟ چرا طلا داره ریزش می‌کنه؟  اگر دقت کنید هفته گذشته ما یک خبر داشتیم توی حوزه NFP نرخ اشتغال در آمریکا که یه سوپر گزارش در واقع اعلام شد و یه جورایی همه رو سورپرایز کرد و دلیل ریزش اونس جهانی این بوده و اتفاقاً  همین امروز هم که چهارشنبه بیستم خرداد ماه هزار و چهارصد و پنجاه ما ساعت شونزده یه خبر باز بسیار مهم‌تر داریم. حالا دلیل این ریزش اونس جهانی چیست؟ یه باکسش میره که به باکس در واقع خبرهای  اقتصادی حوزه آمریکا، اِه، ایندکس دلار میرسه. نکته دوم ما در بحران انرژی هستیم. یعنی چی؟ یعنی اینکه به سادگی هرچه تمام‌تر شما الان دارید می‌بینید که ما در جنگ تنگه هرمز هستیم. این تنگه هرمز که بسته است.  کسی نمی‌تونه نفت ببره بیاره، انرژی ببره بیاره. بحران انرژی در دنیا شو-شروع شده و خیلی از کشورها بانک مرکزی دیگه اولویتشون خرید دلار نیست. دارن میرن انرژی کشورشون رو ذخیره بکنن و در واقع یه جورایی به فکر آینده هستن که  اگر این بحران به اتمام برسه یقین بدانید مجدد پول‌های پارک شده در حوزه انرژی میان وارد بازار طلا و اونس جهانی میشن. پس من میگم بازار طلا، اِاِاِ، فعلاً از دید اونس در حال استراحت و اصلاحه و  اگر جنگ تموم بشه به نظرم همون اونس شش هزار دلاری رو خواهیم داشت. اما یه سؤال. آیا واقعاً دوره طلا به اتمام رسیده؟ نه عزیز دل. شما حساب کنید اگر جنگ تمام بشود.  ما همون تحریم‌ها رو داریم. مکانیسم ماشه فعال شده. متأسفم که بگم سیصد و پنجاه میلیارد دلار خسارت جنگی بوده که به ما خورده شده و نکته بسیار مهم‌تر تورم‌های افسار گسیخته‌ای که  الان وجود داره، تورم اردیبهشت ماه هفتاد و هفت و سه دهم درصد بوده، تورم فروردین ماه شصت و هفت درصد بوده و ما تقریباً، اِاِاِ، دیروز یه وبینار داشتیم با دوستانمون برگزار کردیم در حوزه، اِاِاِ، سرمایه‌گذاری.  ما از اردیبهشت سال گذشته که چهل درصد تورم بوده رسیدیم به اردیبهشت امسال هفتاد و هفت درصد. یعنی یه چیزی حول و حوش هشتاد درصد فقط افزایش تورم و این تورم کماکان ادامه دارد و اگر اونس استراحتش به اتمام برسه  با چسبندگی که دلار ایجاد کرده زیر محدوده صد و هفتاد نمیاد یقین بدانید که طلا می‌تواند در دید یک ساله یک بازار جذاب بهتر از تورم به شما بازده بده اتفاقاً با استراحتی که الان کرده.  فقط یه نکته بگم. الان به واسطه شرایط جنگی و دلیل ریزش اونسی که وجود داره باید دیدمون رو یک مقدار بزرگ‌تر کنیم. یعنی یک ساله من همیشه میگم یک ساله می‌تونید توی بازار طلا در واقع، اِاِاِ، سرمایه‌گذاری بکنید با استراتژی بیست، سی، پنجاه.  همه می‌دونن من هجده و دویست و پنجاه طلا خرید کردم امسال و اتفاقاً همین الان منفی‌ام و پله دوم هم میره برای محدوده شونزده میلیون تومن که سی درصد خرید خواهم کرد. اگر نمی‌دونی که چطوری باید سرمایه‌گذاری بکنی توی  بازار طلا یا می‌خوای تصمیم‌گیری‌های هیجانی داشته باشی، توصیه می‌کنم این پست رو سیو کن و اگر استراتژی بیست، سی، پنجاه رو هم بلد نیستی برام بنویس استراتژی توی دایرکت توی وویس کاملاً راهنماییت می‌کنم که چیکار باید  بکنی که تصمیم هیجانی نداشته باشی. پس چون شرایط جنگیه به نظرم دید رو یک ساله کنیم. توی این اعداد و ارقام محدوده مناسبی برای خریده. پر سود باشید.
drmorid,188000,https://www.instagram.com/reel/DZNaxmtIwd3/?igsh=MXB6c3RhYTFjNXlmNg==,178000,5214,5809,1774,69,همین الان این پستی که دارم برات میگیرم خیلیا طلا خریدن و طلاشون توی منفیه. به فکر این هستن که طلا رو شنبه صبح بفروشن برن توی بازار بورس، بازار خودرو، بازار مسکن سرمایه گذاری بکنن برای  اینکه این ضررشون رو جبران بکنن. لطفاً این پست رو براشون ارسال بکنید. در بازار طلا 1405 اشتباه مرگبار نکنید. قطعاً طلا صعودی خواهد بود. شاید یک روزهایی مثل امروز در جا بزنه ولی رشدش قطعی است.  به چند دلیل ادامه پست با من همراه باشید. نکته اول تورم افسار گسیخته تورم اردیبهشت و فروردین رو برید نگاه بکنید. اعداد سقف تاریخی دارن میزنن و این نشون میده که دلار به عنوان یک درایور اصلی در بازار طلا صعودی خواهد بود با  دلار دویست بیست سی تومنی این اعداد در بازار طلا خاطره خواهد شد. نکته دوم اونس جهانی شش هزار دلار پیشبینی تمام مؤسسات اعتباری معتبر تا پایان بیست بیست و شش و از همه مهمتر کماکان  دولت‌ها دارن خرید میکنن طلا رو. این یعنی اینکه پیشبینی کردن که به زودی با افت در واقع قدرت دلار طلا صعودی خواهد شد. پس این فکت دوم برای اینکه طلا رو باید الان اگر منفی هستیم نگهداری بکنیم.  نکته سوم چه جنگ باشد چه نباشد یقین بدانید دولت در 1405 درگیر یک ابر تورم خواهد بود. کسری بودجه‌ای که به جز چاپ پول گزینه دیگه‌ای براش باقی نمونده. ما حتی کشورهای عربی دوستانمون رو هم از دست دادیم و دور زدن تحریم‌ها  هم یه خرده برامون سخت شده. پس قطعاً طلا سود خواهد کرد. و نکته چهارمی که حتما باید مدنظر قرار بدید طلا به نسبت بقیه بازارها امروز در استراحت و در فاز انباشته و یقین بدانید  در بازارهایی مثل بورس اگر سود شناسایی بشه میتونه مجدد وارد بازار طلا بشه. چون دلیل دارم براتون در پنجاه روز گذشته توی صندوق‌های طلا حول و حوش تقریباً پنجاه همت پول وارد بازار شده و از همه مهمتر خروج  پول سنگینی رو هم از بازار صندوق‌های طلا توی بورس ما ندیدیم که این نشون میده که کماکان اونایی که سرمایه گذاری کردن به فکر بیشتر سود طلا هستن تا اصلاح. پس من فعلاً توی بازار طلا با یک عدد  و درصد مشخصی از سبدم خواهم موند. محدوده‌های تعادلی خرید برام بسیار جذاب‌کننده بود و قراره که امسال با هم طلا بخریم. پس این پست رو سیو کن برای دوستات ارسال بکن. پیجو باید فالو داشته باشی.  کلمه طلا رو برام بنویسی توی دایرکت مثل همیشه محدوده‌های تعادلی این هفته رو بهت خواهم گفت که با خبر ریزش اونس که امروز اتفاق افتاد، کدوم قیمت در بازار طلا این هفته در دسترسه.
drmorid,188000,https://www.instagram.com/reel/DZPrx2gIuke/?igsh=ZWV3Z2dhZDN0ZnNz,158000,4564,254,832,46,طلا امروز به زیر هجده میلیون تومن رسید یعنی هفده و نهصد و پنجاه با حباب منفی یک و هفتام درصد. خیلی از مردم اینجا نقد هستن و نمی‌دونن که اینجا باید طلا بخرن یا دلار بخرن  یا اصلاً چه مدلی سرمایه‌گذاری بکنن. نکته‌ای که هست به دقت گوش کنید. نقشه راه این خواهد بود تا پایان سال. نکته اول بیایید بریم ببینیم چه اتفاقی برای بازار طلا به نسبت دلار داره می‌افته.  طلایی که به واسطه اصلاح اونس داره نزولی می‌شه ولی دلاری که حدود چهارده روزه زیر صد و هفتاد تومن نیومده یا اگر اومده بلافاصله جامپ کرده بالای این عدد یعنی کف دلار در حال حاضر صد و هفتاد هزار تومنه.  ولی تل دلاری که درایور طلا بوده ثابت مونده یا صعودیه ولی طلا داره اصلاح می‌کنه. پس اینجا طلا داره به نسبت دلار عقب می‌مونه. پس از بین این دو تا بخوام انتخاب کنم قطعا طلا گزینه بهتریه. من هجده و دویست اعلام سرسری کردم پله  اول رو خریدم و محدوده تعادلی هفده و ششصد هم برای این هفته توی پست قبلی گفتم که اگر برسیم به این محدوده یکی از بهترین محدوده‌های خرید طلا برای جاماندگانه. پس اینجا طلا داره به نسبت دلار جا می‌مونه.  بیایید بریم تو فضای ریسک. جام جهانی داره شروع می‌شه و احتمالاً امریکا دیگه دنبال دردسر جدید در خاورمیانه تا پایان جام جهانی نیست. یعنی باز هم طلا می‌تواند نفس بگیرد، استراحت بکند، حالت انباشت یا تجمع ایجاد بکند برای  جاماندگان و بعد اقدام به اون روندی رو که می‌خواد داشته باشه رو شروع بکنه. حالا اتفاقی که می‌افته این وسط چیه تو جام جهانی؟ یه سری از توئیت‌ها، فضای مذاکرات مثل خبری که امروز اومد که نخست وزیر پاکستان می‌خواد  بیاد ایران برای رهبر ایران پیام آورده، می‌تونه راه خدا باز کنه برای اونایی که جا موندن و یا پله‌های بالا خرید کردن و منفی‌ان و می‌تونن توی اعداد پایین‌تر که من پله دوم رو گذاشتم محدوده شونزده میلیون و  پله سوم رو گذاشتم محدوده چهارده میلیون. قطعاً توی اعداد شونزده و چهارده خیلی طلا نمی‌مونه. اما اگر برسه به نظرم گزینه بسیار جذابی هست. پس این در واقع fakتی که اتفاق می‌افته، خبرهای مذاکره، حالا احتمالاً آقای عراقچی با vidconf  اگر دلاری پایین بزنه و بعدش بلافاصله طلا به تبع اون اصلاح بکنه، می‌تونه محدوده‌های دوم و سوم ما رو فعال بکنه. و یه نکته بسیار مهم‌تر. ما این اعداد و ارقام رو داریم خیلی سریع در پیج اعلام می‌کنیم.  کاری که VIP فروش‌ها دارن این رو در واقع بابتش پول می‌گیرن و قرار هست که هزار و چهارصد و پنج با همدیگه سرمایه‌گذاری بکنیم. فقط باید از این فضای پر التهاب عبور بکنیم و با استراتژی توی بازار باشیم.  پس من می‌دونم که چهارده میلیون شاید فعال نشه. من اگر بتونم هجده و دویست که خرید کردم، شونزده هم اگر شانس بیاریم خرید بکنیم و حجم قابل قبولی از طلا توی سبدمون باشه، اگر بازار صعودی بشه پله چهاردهم رو  میریم ترید می‌کنیم و توی اعداد بالاتر به حجم وزنی طلامون اضافه می‌کنیم. پس ما نقشه راهمون مشخصه. قراره با همدیگه سرمایه‌گذاری بکنیم. هفده و ششصد عددی است که این هفته  داریم و نکته‌ای که بسیار برامون مهمه باید یک ترکیب پورتفو داشته باشیم. تنها کاری که می‌کنید در این فضای پر التهاب و پر استرس کنار همدیگه باید باشیم. پس پیج رو فالو بکنید.  این پست هم برای دوستاتون ارسال بکنید. اونایی که سردرگم‌ان در بازار طلا و دلار که با همدیگه سرمایه‌گذاری بکنیم. موفق باشید.
tala_yar,392000,https://www.instagram.com/reel/DGVTG-HICQJ/?igsh=dXhqZHVrNmc4dzJr,4700000,110000,82700,79100,10,قیمت طلا رسید به هفت میلیون تومن و دلار نود و چهار هزار تومن. این رشد طلا اینجوری نبوده که توی یک سال اتفاق بیفته. توی یک ماه هر روز تقریبا سیصد چهارصد تومن پونصد هزار تومن رشد کرده. و من چند تا نکته میگم ببین شما رو به یاد چی میندازه. سالی که بورس رو تنورش رو گرم کردن  یادتون بیارید که همه می‌گفتن آقا بریم بورس ثبت نام کنیم کد بورسی بگیریم. الان رئیس بانک مرکزی آقای فرزین اومده میگه آقا سکه بخرید در صورتی وظیفه‌ش حفظ پول ملیه. قبل‌ترش هم آقای همتی اومده میگه آقا طلا بخرید، طلا قیمتش پایین نمیاد.  شما رو یاد چی میندازه؟ خیلی‌هاتون دنبال اینید که از بازار طلا جا موندید طلا بخرید و وارد بازار بشید. ولی نمی‌دونید که از همین الان مثل یک بمب ساعتی باید منتظر باشید که  یک دفعه بازار رو بکشن پایین. مثل سال‌های قبل که دلار رو از شصت تومن آوردن سی و دو هزار تومن و همه مردم دلارهاشون رو فروختن. اگه بخوای وارد بازار بشی و نمی‌دونی نقاط  ورودت چیه و روی چه عددی بخری بیشترین سود رو می‌کنی و ضرر نمی‌کنی، کلمه ریزش رو کامنت کن که بهت بگم روی چه عددهایی بهترین نقطه وروده برای خرید طلا و دلار
tala_yar,392000,https://www.instagram.com/reel/DIGd4Y5oDCQ/?igsh=MWhsN3hzNXFpYTVlYg==,249000,4604,4182,579,11,ریزش طلا شروع شد و قیمت طلا از هر گرم هشت میلیون و پونصد هزار تومن به هر گرم هفت میلیون و هفتصد هزار تومن کاهش پیدا کرد. یه پست رو هفت فروردین چهارصد و چهار توی تعطیلات من منتشر کردم.  اول این پست رو تا آخر ببین بعدش بهت میگم چیکار کنی. هشدار جدی به کسایی که توی تعطیلات عید میرن طلا میخرن. عزیزان هر گونه نرخی که توی بازار طلای ایران توی تعطیلات قبل از شونزده فروردین به شما اعلام کنن، نرخ غیرواقعی و معتبر نیست و هر عددی باشه عدد غیرواقعیه.  چرا؟ چون اصن اتاق‌های معاملاتی طلا باز نیستن و بازار طلا باز نشده درست و حسابی که قیمت درست به دست بیاد. پس بهت پیشنهاد میدم که صبر کن تا شونزده فروردین و نرخ اعلام شه  و نکته‌ی مهم‌تر اینکه اخبار توافق ایران و آمریکا داره روی بازار تاثیر میذاره و اخبار بیشتری اگه بیرون بیاد قطعا بازار طلا ریزش مقطعی میکنه. چرا؟ چون همین الان طلا آب شده ایران حباب داره و اگه اخبار بیاد خیلی راحت این  حباب خالی میشه و قیمت میاد پایین‌تر و اگه قصد خرید طلا داری خب طلا رو پایین‌تر بخری به نفعته. دیدی که توی هفت فروردین من بهت گفتم که اگه قصد خرید طلا داری فعلا صبر کن  و دقیقا اتفاق افتاد و قیمت از هشت و پونصد به هفت و هفتصد که الان دارم به شما میگم کاهش پیدا کرده. ممکنه بیشتر هم پایین بیاد. حالا اگه قصد خرید طلا داری و  نمیدونی که طلایی که داری چیکارش کنی، بفروشی یا نگه داری و بهترین تصمیم
tala_yar,392000,https://www.instagram.com/reel/DblLHvpoy-0/?igsh=MWR0bnh1M2MycnpvZw===,243000,4560,162,5062,83,خب دیدید که با اخبار مذاکرات و لغو حملات آمریکا به ایران قیمت دلار و قیمت طلا ریزش کرده. ولی خیلی از شما الان دنبال این هستید که آیا طلا الان ارزنده است بخرید یا نه. ما طلا فروش‌ها یک سری فرمول‌ها داریم که  می‌تونیم تشخیص بدیم الان قیمت طلا ارزنده است برای خرید یا ارزنده نیست. یکی از این فرمول‌ها رو من به شما میگم که برای هر موقع می‌خواید طلا بخرید خودتون خیلی راحت بتونید قیمت واقعی طلا رو محاسبه کنید و  خریدتون رو با خیال راحت انجام بدید. فرمول ما یکم سخته و من خیلی ساده‌اش کردم که همه بتونند ازش استفاده کنند. امروز قیمت هر دلار تقریبا صد و نود و دو هزار تومانه ضربدر اونس جهانی می‌کنیم که  چهار هزار و پنجاه و شش دلاره. هرچی به دست اومد تقسیم بر عدد چهل و یک ممیز چهل و پنج می‌کنیم. همونطور که می‌بینید قیمت الان طلا هجده میلیون و هفتصد و هشتاد و هفت هزار تومنه.  ولی الان قیمت طلا روی تابلو هجده میلیون و دویست سیصد هزار تومنه. این فرمول ساده که بهتون گفتم شما می‌تونید تشخیص بدید در لحظه قیمت طلا برای خرید ارزنده هست یا نه. همین الان قیمت طلا حباب منفی داره و  تقریبا پونصد ششصد هزار تومان زیر قیمت واقعیش داره توی بازار معامله می‌شه. حتما این فرمول رو یادداشت کنید یا این پست رو سیو کنید. البته فرمولش سخت‌تره. من برای شما ساده‌ترش کردم که خیلی راحت و  سریع بتونید قیمت واقعی طلا رو محاسبه کنید. این پست هم برای عزیزانتون بفرستید که موقع خرید طلا بدونن که قیمت واقعی طلا چقدره و خدایی نکرده کلاه سرشون نره.
tala_yar,392000,https://www.instagram.com/reel/DbIgkWTIjiT/?igsh=MTFvNml1MG5kMDV2dw==,202000,4473,12400,565,80,هشدار خیلی مهم برای کسایی که طلا و دلار دارن. نفت داره به صد دلار می‌رسه و این خیلی جالب نیست. وقتی نفت صد دلار رو رد کنه یعنی عملاً ایران و آمریکا وارد جنگ گسترده‌تر و شدیدتر میشن. و اگه دقت کرده باشین ترامپ دو سه روزه  داره توئیت‌های خیلی خطرناکی در مورد ایران میده و مقامات ایرانی هم دارن تهدیدهای سنگینی علیه کشورهای عربی و اسرائیل و آمریکا انجام میده. اگه طلا و دلار داری یا قصد داری طلا بخری باید بدونی که هفته آینده  نوسان‌های سنگینی توی بازار اتفاق میفته. اگه دیدگاه بلندمدت یا کوتاه‌مدت دارید، دقیقاً چه کاری انجام بدید که ضرر نکنید. قبل از اینکه هر تصمیمی بگیرید حتماً این وویس رو با دقت گوش بدید. برای اینکه وویس رو دریافت کنید کلمه فوری رو کامنت کنید، توی دایرکت براتون ارسال می‌شه.  مراقب باشید تو این شرایط تصمیم غلطی نگیرید.
tala_yar,392000,https://www.instagram.com/reel/Da7sJCCoTZt/?igsh=dm54dW5kdG1kZWw0,92200,1621,3868,360,22,طلا هجده عیار به هجده میلیون و هفتصد هزار تومن رسیده. آیا الان باید بخریم یا بفروشیم؟ امروز بیست و هفت تیرماه هزار و چهارصد و پنج هستیم و هر گرم طلا هجده عیار هجده میلیون و هفتصد و چهل و  پنج هزار تومن داره معامله می‌شه که ارزش واقعی طلا هجده میلیون و ششصد هزار تومنه و حبابش تقریباً نیم درصده. اونس جهانی طلا که دیشب بسته شد روی چهار هزار و شونزده دلار بسته  شده و دلار آمریکا صد و نود و دو هزار و هفتصد تومن. مهم‌ترین سوالی که الان خیلی از شما دارید اینه که الان تو این شرایط باید طلا بخریم یا طلا بفروشیم؟ اصلاً باید چیکار  کنیم که سرمایه‌مون به خطر نیفته. قبل اینکه سراغ تحلیل طلا بریم این نکته رو خوب دقت کنید عزیزان. بارها توی استوری‌ها بهتون گفتم، الان هم باز تکرار می‌کنم. زمانی که تنش توی مملکت بالا میره و هر لحظه ممکنه جنگی اتفاق بیفته و جنگ مجددی رخ بده،  اولین بازاری که نقدینگی از اون خارج می‌شه و پول از اون خارج می‌شه، بازار بورسه و شما اگه سهام توی بورس دارید باید سبک کنید و تیکه تیکه سهام‌تون رو بفروشید و به سمت دلار و طلا بیارید یا  نهایتاً توی صندوق‌های درآمد ثابت قرار بدید. اگه بخوایم روی چارت قیمت طلا بریم، اینجا می‌بینیم که قبلاً ما این تحلیل رو خدمت شما دادیم. اینجا می‌بینیم که قیمت طلا الان روی محدوده هجده میلیون و هفتصد و چهل و پنج هزار تومن،  این محدوده رو خوب نگاه کنید عزیزان. این trend line یا خط روندی که ما اینجا رسم کردیم دقیقاً هر بار که طلا قیمت طلا بهش خورده برگشته و خط روند کسایی که تحلیل تکنیکال می‌ کار کردن و اطلاعات دارن می‌دونن.  وقتی چند بار که برخورد اتفاق میفته احتمال شکسته شدنش میره بالا و اولین سؤال این که اگه طلا بتونه هجده و هفتصد، هشتصد رو رد کنه به چه اعدادی می‌رسه؟ ببینید عزیزان اولین قیمتی که طلا باید بهش برسه نوزده و دویسته در  صورتی که این خط روند رو بشکنه. بعد از اون بیست میلیون و صد هزار تومن و بعد از اون بیست میلیون و هفتصد هزار تومن و اعداد بالاتر از بیست و دو به بالا.  زمانی این اتفاق میفته که این خط روند شکسته بشه. ببینید اگه دقت کنید الان ما روی تایم فریم روزانه هستیم و هر کدوم از این کندل‌های قیمت روزانه هستن. زمانی که قیمت به این خط روند برخورد کرده یه  اصلاح کوچیکی داده اگر نگاه کنید متوجه می‌شید. ولی مهم‌ترین سؤال اینه که الان شما پول دستتونه یا ماشینی، ملکی چیزی فروختید می‌خواید به طلا تبدیل کنید. روی چه قیمتی باید طلا بخرید؟ دو تا محدوده بسیار مهم برای خرید طلا وجود داره.  در صورتی که همینجا اصلاح بده یا یه خبر مثبت و خیلی قوی از مذاکرات بیرون بیاد، ممکنه طلا یه اصلاحی بده و شما باید روی این دو ناحیه خریدهاییتون رو انجام بدید. توی ویس کامل گفتم که اگه برای کوتاه  مدت می‌خواید یا بلندمدت می‌خواید یا هر دیدگاهی که دارید طبق دیدگاهتون باید روی چه قیمتی طلا بخرید و اگه قصد فروش طلا دارید روی چه محدوده‌هایی بهتره طلا رو بفروشید. کلمه طلا رو بفرستید توی دایرکت تحلیل براتون ارسال می‌شه.  قبل اینکه هر تصمیمی بگیرید حتماً این ویس طلا رو با دقت گوش بدید چون که جلوی ضرر سنگین شما رو می‌گیره
tala_yar,392000,https://www.instagram.com/reel/Dazi4GmIOpZ/?igsh=MTd5NHc0ZXgyN2psZg===,266000,4954,19400,454,91,هشدار خیلی فوری برای طلا. آیا قراره طلا از همین جا به بیست میلیون تومن بره یا قراره ریزش سنگینی کنه و به پونزده میلیون تومن برسه؟ ببینید عزیزان روی بیست میلیون تومن هشدار دادیم  و به شما گفتیم باید طلا رو بفروشید و روی پونزده و چهارصد به شما گفتیم طلا رو باید بخرید و توی پست‌ها و استوری‌ها بهتون گفتیم می‌تونید برید ببینید. الان تو این شرایط باید چه تصمیمی  بگیرید؟ چند روز آینده بزرگترین نوسان طلا توی چند ماه آینده اتفاق می‌افته. کلمه طلا رو بفرستید وویِس طلا توی دایرکت براتون ارسال میشه. حتما قبل از هر تصمیمی این وویِس رو با دقت گوش بدید که ضرر نکنید
tala_yar,392000,https://www.instagram.com/reel/DakDJcoozqR/?igsh=MTExYng5bDJsaWdoMQ==,132000,2685,8457,19,45,تقریبا دو روزه که آمریکا داره جنوب ایران رو سنگین میزنه و خیلی از شما الان موندید که موقع خرید طلائه یا موقع فروش طلا و اینکه آیا طلا رو به دارایی دیگه تبدیل کنیم یا برعکس  و اینکه اگه خودرو یا ملک یا هر دارایی دیگه داریم آیا باید الان به دلار و طلا تبدیل کنیم؟ کمتر از یک هفته دیگه نوسان شدید توی بازار طلا و دلار اتفاق میفته و شما باید آمادگی کامل رو داشته باشید.  پاسخ تمامی این سوالات و اینکه الان باید چه تصمیمی بگیرید که چند روز آینده ضرر نکنید و بتونید سوار موج بازار بشید، توی یه وویس توضیح دادم. کلمه پاسخ رو بفرستید توی دایرکت براتون ارسال میشه.  قبل هر تصمیمی حتما این وویس رو به دقت گوش بدید چون که جلوی ضرر سنگین شما رو میگیره.
tala_yar,392000,https://www.instagram.com/reel/DaSgOcZoimR/?igsh=ejA4eTBsYWpiaWli,197000,3115,14600,216,67,تحلیل فوری طلا قابل توجه کسایی که از بازار طلا جا موندن و نتونستن طلا رو یه قیمت خوبی بخرن، یا اینکه قصد فروش طلا دارید و نمی‌دونید روی چه قیمتی طلا بفروشید. رئیس بانک مرکزی آمریکا با سخنرانیش باعث شد  اونس جهانی طلا رشد کنه و طلای داخلی به قیمت هفده و چهارصد، پانصد رسیده. مهم‌ترین محدوده طلا که اگه بتونه این محدوده رو رد کنه به اعداد خیلی بالا می‌رسه. ولی مهم‌ترین سؤال اینکه آیا بعد از تعطیلات قیمت طلا به بالای نوزده تومن می‌رسه  یا اینکه از همین جا ریزش می‌کنه و به اعداد پونزده تومن می‌رسه؟ کلمه فوری رو بفرستید تحلیل امروز طلا رو که خیلی مهمه براتون توی دایرکت ارسال می‌کنم که قبل از هر اقدامی حتما باید این تحلیل  رو ببینید که در آینده ضرر نکنید. خیلی مراقب باشید که روزای آینده طلا نوسان‌های شدیدی داره و اگه ندونید روی چه قیمتی طلا رو بخرید یا بفروشید قطعاً ضرر سنگینی می‌کنید.
kiabitpro_trade,751000,https://www.instagram.com/reel/DaYGTMosT\_T/?igsh=cW9zeHZ4cHowcHg4,122000,3012,3262,2838,42,نمیگم پنج سال دیگه، ده سال دیگه. دو سال دیگه حسرت امروز رو می‌خوری که خیلی از آدمای دیگه شروع کردن به یادگیری هوش مصنوعی و مسیری رو یاد گرفتن که دارن کسب درآمد دلاری می‌کنن.  ولی تو هنوز نشستی دنبال روش ثبت نام تو اسنپ و کاسه چه کنم، چه کنم گرفتی دستت. برای شروع فقط یه چیز لازم داری، اونم یه تصمیم جدیه. نمیگم اصلا سرمایه نمیخواد ولی سرمایه زیادی واقعا نمیخواد. منم کنارتم.  بسم الله استارت بزن. صفر تا صد مسیرشو بدون هیچ بهایی بهت آموزش میدم. واقعا دیگه بهانه داری؟ حالا اگر پیجو فولو کردی فقط کلمه هوشو تو کامنتا برام بنویس و بیا توی دایرکت.  بقیه‌ش با من
kiabitpro_trade,751000,https://www.instagram.com/reel/DaVuZRoMqbb/?igsh=eTV0dHd5bzl6NjV5,701000,27000,13700,21100,581,حمل ترین آدم دنیا هم که باشی محاله این سه تا کارو انجام بدی و پولدار نشی. یک: از آدمای بدبینی که دلشون خوش به چیزای کوچیک فاصله بگیر. اونا نمیذارن از یه حدی به بالا پیشرفت کنی. تو اندازه‌ی فکر اون آدمایی که دورتن پیشرفت می‌کنی.  دوم: سخت کار نکن. آدما با جسمشون به ثروت نمی‌رسن. آدما با فکرشونه که به ثروت می‌رسن. به جای سخت کار کردن، سخت فکر کن. سوم: لطفا دنبال شغل‌های دم دستی مثل اسنپ  نباش، چون گنجیش روزیت می‌کنه و به روزی دویست سیصد تومن قانع میشی و به یک حاشیه‌ی امن عادت می‌کنی. پس شغلی با درآمد بالا رو انتخاب کن که فقط روزی چهار ساعت کار کنی.  یعنی روزی چهار میلیون و ماهی صد و بیست میلیون. این آب خوردن تو جیبت باشه. اونم نه با سخت کار کردن، با یه دونه گوشی از تو خونه. حالا سوالت اینه چه کاری هست که از تو خونه بشینم و با گوشی پول خوب دربیارم؟ پیج  رو دنبال کن و کلمه‌ی ارسال رو تو کامنت‌ها برام بنویس و دایرکتتو چک کن. بقیش با من.
kiabitpro_trade,751000,https://www.instagram.com/reel/DaLSPLVMZbe/?igsh=MThyOWs2N3ZvbGJ6cg==,114000,4108,87,7291,77,چهار تا چیزی که اگه نخوای هم تو رو ثروتمند می‌کنه. یک، به خرج‌های کوچیکت خیلی دقت کن. یه سوراخ ریز می‌تونه یه کشتی بزرگ رو غرق بکنه. صرفه‌جویی‌های کوچیکی که می‌کنی به صورت پول‌های خیلی بزرگ بهت برمی‌گردن. دو، فقط یک منبع درآمد نداشته باش.  زندگی غیرقابل پیش‌بینیه و هر اتفاقی ممکنه بیفته. پس جریان درآمدیت رو زیاد کن تا به مشکل برنخوری. سه، برای خودنمایی پول خرج نکن. خرید لباس باکیفیت و برند هیچ اشکالی نداره اما اگر برای خودنمایی باشه فقط داره سرمایه‌ت رو نابود می‌کنه.  چهار، یک منبع درآمد دلاری داشته باش تا بتونی از تورم جلوتر باشی و قدرت پس‌اندازت بیشتر بشه. اگه نمی‌دونی از کجا شروع کنی، پیجمو دنبال کن و استوری‌ها رو ببین
kiabitpro_trade,751000,https://www.instagram.com/reel/DVRM1LPDKac/?igsh=MTU0eXgyZW54ZjQxag==,686000,56700,684,56700,2806,مطمئنا نمی‌دونستین که چرا سیاستمدارا انقدر حریص می‌شن. وقایعی که توی این فیلم کوتاه گفته می‌شه دنیا رو شگفت‌زده کرده. شش تا خوک دور یه میز نشستن و دارن غذا می‌خورن. بینشون یه قاضی هست، یه سرمایه‌دار و یک کشیش، یه غول رسانه‌ای و دو تا  سیاستمدار که دقیقا شبیه هم هستن. تنها فرقشون رنگ کراوات‌هاشونه که یکیشون راستیه، یکیشون چپی. یه پیشخدمت هم هست که مدام داره غذا میاره و روی میز سرو می‌کنه. همزمان پایین میز یه سری گربه هستن که سعی می‌کنن صدای گرسنگیشون رو به بقیه برسونن.  اما از اون همه غذایی که روی میزه فقط ته مونده غذاهاست که نصیبشون می‌شه که به خاطر همون ته مونده‌ها هم همدیگه رو دارن تیکه پاره می‌کنن. بعد می‌فهمیم که این غذاها از کجا میاد.  مرد پیشخدمت هرچی توی اتاق هست رو می‌ریزه توی دستگاه و دستگاه همه چیز رو به غذا تبدیل می‌کنه. کم‌کم به جایی می‌رسه که منابع اون کشور، ببخشید اون اتاق شروع به تموم شدن می‌کنه. اما آدم‌هایی که سر میز نشستن فقط خیره شدن به بشقاب جلوی خودشون.  تا جایی که یکی از گربه‌ها به صورت اتفاقی زیر میز میره و می‌بینه که تمام افراد دور میز با زنجیر به هم وصلن و اون زنجیره یک ماره. اینجاست که متوجه می‌شیم چرا افراد دور میز  نمی‌تونن از سر اون میز بلند بشن و ثابت می‌کنه که یک سری روابط پنهانی که اجازه نمی‌ده از همدیگه جدا بشن. زمان می‌گذره و منابع کمتر و کمتر می‌شه و کشور، نه ببخشید اتاق به یک خرابه تبدیل می‌شه.  وقتی غذای روی میز کم می‌شه، دیگه چیزی هم برای گربه‌ها نمی‌مونه. صدای میو میو کردنشون بلندتر می‌شه. اما غول رسانه‌ای یک موش اسباب بازی کوکی رو پوش می‌کنه و می‌ذاره وسطشون تا سرگرم بشن. گربه‌ها که دارن دنبال یک دشمن ساختگی می‌گردن، هدف  اصلیشون یادشون میره و حواسشون پرت می‌شه. و بالاخره اون روزی که باید برسه می‌رسه. منابع کاملا تمام می‌شه. اونایی که سر میز نشستن اولش به سیستم اعتراض می‌کنن. بعدش برای همون تیکه‌های غذا با همدیگه درگیر می‌شن.  همزمان گربه‌ها که الان دارن از گرسنگی می‌میرن، شورش می‌کنن، می‌پرن روی میز و با هم یکی می‌شن. اولین هدف این ببر قاضیه. چون کسایی که عدالت رو از بین می‌برن اولین کسایی هستن که باید پاسخ بدن.  ببر از دونه دونه آدم‌های سر اون میز انتقام می‌گیره. بعدش خسته می‌شه و خوابش می‌بره. سیستم وقتی ببر خسته خوابش می‌بره غافلگیرش می‌کنه و توله‌هاشو از توی شکمش بیرون می‌کشه. بعد میره سراغ اتاق بعدی.  اونجا یه میز جدید هست. منابع جدید هم هست. بعضی از بچه گربه‌ها کم‌کم تبدیل به خوک می‌شن و سیستم خوک‌های جدید خودش رو می‌سازه. سیاستمدار صندوق رای رو می‌ذاره روی میز و از  توش قاشق و چنگال رو بیرون میاره. همه این اتفاقات توی یک هتل لبه یک پرتگاه اتفاق می‌افته. یعنی همه در واقع مهمونن. اما اونقدر مصرف می‌کنن و می‌خورن تا همون جا رو هم نابود کنن. این داستان ساده به نظر میاد اما یه تصویر  چرخه ای از قدرت، حرص، فریب و فراموشیه. چرخه ای که تا وقتی فهمیده نشه خودشو تکرار و تکرار می‌کنه. پیج رو دنبال کن و با من باش و آگاه بمون.
kiabitpro_trade,751000,https://www.instagram.com/reel/DUp17kvDCYF/?igsh=MWw3aHJ4YTF1bGUxag==,112000,1589,90,404,28,طلا بخرم یا دلار؟ همیشه گفتم طلا. سکه امامی یا طلای دست دوم؟ قطعا امامی قبل هشتاد و شش. چرا؟ چون دسته دوم رو به قیمت روز بهت میفروشن ولی زیر قیمت ازت میخرن. روی چه عدد سکه بخرم؟ اینو تو پستهای قبلی برات گذاشتم.  مگه ندیدیش؟ قیمت بیت کوین تا پایان سال؟ پیش بینی میشه تا صد هزار دلار رو هم ببینه. تو کدوم دسته سرمایه گذاری کنم؟ بورس، فارکس، بازار خودروی ایران. اگه علمشو داری فارکس اگه نداری هایلایت قرمزو ببین. بازار ملک تا پایان امسال.  راکت. این اطلاعاتو بخوام راجع به بقیه بازارها بدونم باید چیکار کنم؟ پیجمو دنبال کن تا همیشه رو سود باشی. همه رو اونجا برات میذارم.
kiabitpro_trade,751000,https://www.instagram.com/reel/DUlLHfnjMGp/?igsh=MXRyenR2bG44ejFudg==,286000,4327,202,3364,85,دو دلیلی که ثابت میکنه از امروز خودروهای داخلی می تونن بین سی تا شصت درصد گرون بشن. یک، تا قبل از تسخیر دولت ونزوئلا در بازار خودروی ونزوئلا، خودروی ساینای سایپا جزو خودروهای نسبتا لوکس بازار بوده و با قیمتی بیش از هفده هزار  دلار معامله می شده که بعد از دستگیری مادورو توسط ترامپ عملا صد درصد سرمایه گذاری های شرکت های خودروسازی ایرانی سرمایه هاشون در ونزوئلا پودر شده و قاعدتا برای جبران این ضرر کلان باید از مشتریان فعلی شون که  مردم مظلوم ایران هستن جبران خسارت بشه. دوم اینکه تولید و فروش هر دستگاه خودرو در خودروسازی های داخلی یک تارگت قیمتی دلاری هم همیشه داشته و از اونجایی که طی چند ماه اخیر دلار بیش از شصت درصد  گرون شده، قطعا شرکت های خودروسازی داخلی هم قیمت محصولاتشون رو بالاتر می برن. و البته که مردم هم طبق معمول همیشه با گرون شدن هر کالایی صف میکشن و با ثبت نام محصولی که هنوز تولید نشده تقاضا برای  خرید رو بالاتر می برن و باعث گرونی هرچه بیشتر اون کالای بی کیفیت میشن. توی پست قبلی هم درباره سرنوشت و آینده طلا و دلار گفتم. پیجم رو دنبال کن و اون پست رو حتما ببین.
kiabitpro_trade,751000,https://www.instagram.com/reel/DUdR\_nYDHdp/?igsh=MWIzbDR2cnBoYzg3Yw==,1600000,24200,655,40500,319,دو دلیلی که ثابت میکنه تو سال چهارصد و چهار و چهارصد و پنج نباید طلا و دلار هاتون رو بفروشید. یک دولت بعد از اتمام مذاکراتش با آمریکا در عمان به ظاهر یک عملکرد خوب از خودش  در رسانه منعکس میکنه و این مسئله از نظر روانی میتونه بازار رو تا حد کمی ثابت و یا حتی ریزشی نشون بده. اینجاست که مردم عادی میرن طلا و دلارهاشون رو مفت میفروشن. غافل از اینکه اونس جهانی همچنان به خاطر  شرایط منطقه تمایل به صعود هرچه بیشتر داره و در چند ماه آینده میتونه تاثیر مثبتی روی بازار طلا بذاره. دوم این که سال چهارصد و پنج با کسری بودجه هشتصد هزار میلیاردی شاهد ابر تورم تاریخی  ایران خواهیم بود و تا خرداد چهارصد و پنج با بالا رفتن نرخ ارز مردم صف میکشن تا همون طلا و دلارهایی که مفت فروختن رو با چند برابر قیمت بخرن. این ویدیو رو برای هرکس که دور و  برت میشناسی بفرست تا آگاه بشن و توی این تله نوسان گیری مجدد دولت نیفتن. و برای اینکه هر روز از تحلیل ها و استراتژی های استاندارد بازار باخبر باشی پیجم رو گم نکن و استوری ها رو هر روز ببین.  برای همینه که میگن.
kiabitpro_trade,751000,https://www.instagram.com/reel/DUTPbfWjM0f/?igsh=MW02NHBmM2VqZGo4MQ==,678000,4711,414,495,108,هیچکس نمیاد بگه پشت داستان مذاکره و توئیت چند ساعت پیش پزشکیان در مورد دستورش به عراقچی که برو مذاکره کن به شرطی که مذاکره عاری از تهدید و بدون توقعات بی‌منطق در چارچوب منافع ملی، اونم موقعی که بزرگترین  آرایش نظامی آمریکا در منطقه شکل گرفته. دو تا سؤال مهم برای مردم به وجود میاد. یک، آیا این مذاکره به توافق ختم میشه؟ پاسخ واضح، خیر. بارها و بارها این توافق و مذاکره رو طی سال‌های اخیر دیدیم و تجربه کردیم و دیگه مشخصه  که جمهوری اسلامی نمی‌خواد به خواسته‌های ترامپ و جهان تن بده و دست از خواسته‌های خودش بکشه. پس ته این مذاکره هم هیچ دستاورد خاصی برای هر دو طرف وجود نخواهد داشت و احتمالاً ترامپ مجدداً فشار رو بیشتر بکنه.  دومین سؤال، طلا و دلار داخلی چه وضعیتی پیدا می‌کنند؟ طبق سناریویی که براتون توضیح دادم، طلا و دلار می‌تونند تا روز مذاکرات یک بازار نوسانی رو به پایین رو تجربه بکنند. اما این به هیچ عنوان به معنای ریزش  نیست و مجدداً در کوتاه‌ترین زمان ممکن به صعود خودشون ادامه میدن و سقف‌های جدیدی رو هم در طول تاریخ ثبت خواهند کرد. چون با توجه به اینکه صرافی ملی هم نرخ ارز دولتی رو بالای صد و سی هزار  تومن اعلام کرده، نرخ بازار آزاد هم به راحتی می‌تونه اعداد صد و شش، صد و هفتاد هزار تومن رو روی دلار ببینه. توی کانال تلگرامم یک وویس کامل برای خرید و فروش طلا با عدد و رقم دقیق گذاشتم.  اگه لینکشو می‌خوای پیجو فالو کن و کلمه ایران رو توی کامنت‌ها برام بنویس.
kiabitpro_trade,751000,https://www.instagram.com/reel/DUL58H8DDyZ/?igsh=MWNsNmUzZ3AzeHJiYg==,1000000,9161,7433,2223,156,سریع باید این هشدار رو برای طلا می‌دادم. طلا جهانی بعد از دو هفته رشد شدید و گران شدنش توی یک روز بیشتر از ده درصد سقوط کرد و بزرگترین ریزش تاریخی خودش رو در چهل سال اخیر  ثبت کرد و نقره هم بیست و پنج درصد از اون طرف ریخت. خیلی‌ها براشون سؤال شده که این ریزش سنگین نشونه تموم شدن ریسک حمله به ایرانه؟ یا اینکه طلا قراره بیشتر بریزه و سرمایه‌ام نابود بشه؟  یا نه میره تا سی میلیون تومن. می‌خوام خیلی واضح و شفاف بهت بگم چی در انتظارمونه و چیکار کنی که سرمایه‌ت رو از دست ندی. چیزی که خیلی‌ها ازش بی‌خبرن اینه که این ریزش هیچ ربطی به کاهش ریسک  جنگ نداره، همونطور که بالا رفتنش هم کاملاً به خاطر دلایل جنگی نبوده. سه تا دلیل باعث این اتفاق شده. یک، انتخاب کوین وارش به عنوان رئیس فدرال رزرو جدید. دو، تقویت دلار و سوم، انتظار کاهش شدید نرخ بهره.  دلیل تاثیر هر کدوم رو هم برات کامل توی کپشن نوشتم، حتما بخون. پس هنوز هر لحظه احتمال حمله آمریکا وجود داره، طوری که حتی عربستان هم چراغ سبز رو به ترامپ داده. حالا سؤال اصلی اینجاست از اینجا به بعد  چی می‌شه؟ طلا و نقره تا عید قراره به کجا برسن؟ و اصلاً در صورت براندازی نظام ارزش سرمایه‌گذاری توی چه بازاری کمترین خطر ریزش رو داره؟ یک تحلیل کامل از همه این سؤالات برات آماده کردم.  برای دریافت این تحلیل پیج رو دنبال کن و کلمه ایران رو توی کامنت‌ها برام بنویس
kiabitpro_trade,751000,https://www.instagram.com/reel/DULkXxHjCnI/?igsh=MW1wMXQ3dWh4ZThsNQ==,2100000,25700,774,23200,572,همین الان یازدهم بهمن ماه انفجارهای متعددی در بیش از چهار پنج شهر کشور رخ داده که تا این لحظه هیچ کدوم از مقامات جمهوری اسلامی در موردشون شفاف‌سازی نکرده‌اند. و از اونجایی که چندین روزه یک آرایش  نظامی خیلی گسترده از سمت امریکا در محدوده خلیج فارس داریم می‌بینیم، همه ما بیشترین احتمال رو حملات نقطه‌ای اولیه می‌دونیم. توی همچین شرایطی سه تا کار مهم هست که تا اینترنت رو از دست ندادیم باید انجامشون بدیم.  یک، اگر رمز ارز توی صرافی‌های ایرانی دارید، همین الان منتقلش کنید به یک صرافی خارجی امن مثل بیت یونیکس یا ال بانک. دو، سوابق بیمه‌هاتون رو مستند دانلود کنید، پرینت بگیرید و نگه دارید، چون ممکنه سرورهای  ایرانی تحت حملات سایبری قرار بگیرند. سوم، نگهداری پول توی بانک یکی از بزرگ‌ترین اشتباهاته، چون شبکه‌های بانکی ایران هم می‌تونه یکی از هدف‌های حملات امریکا باشه. برای اینکه هر لحظه از آخرین اطلاعات و  وضعیت فعلی به روز باشی حتماً پیج من رو دنبال کن و استوری‌ها رو ببین.
kiabitpro_trade,751000,https://www.instagram.com/reel/DPMZ0rPjKVK/?igsh=N3hkdms3MGlqYnRw,129000,4226,952,4509,56,غلط کرده هرکی گفته ماهی رو هر وقت از آب بگیری تازه است. بی‌پولی تو سی سالگی از لایف استایل و ارتباطات نامناسب توی بیست سالگی شروع شده. طاقیه توی چهل سالگی از مصرف بیش از حد قند و چربی توی سی سالگی شروع میشه.  ضعف و پیری توی پنجاه سالگی از نداشتن فعالیت بدنی تو چهل سالگی شروع میشه. یه زندگی بخور و نمیر توی شصت سالگی از بی‌تفاوتی نسبت به تک تک ثانیه‌های الان شروع میشه. امروزت نتیجه کارهاییه که در گذشته انجام دادی.  پس از امروز شروع کن. تو بی‌برقی شروع کن. تو بی‌پولی و نداری شروع کن. ولی مرد باش و شروع کن و کم نیار. چون مطمئنم این ریل اتفاقی به دستتون نرسیده و میدونم لیاقت بهترین‌ها رو داری.  منم کنارتم و ادعا می‌کنم حتی اگر بی‌استعدادترین آدم روی زمین هم باشی، می‌تونم به درآمد مثبت پنجاه میلیون در ماه برسونمت با روزی سه ساعت کار کردن. فقط کافیه پیج رو دنبال کنی و کلمه شروع رو  برام این پایین بنویسی و دایرکتتو چک کنی. بقیه‌ش با من
kiabitpro_trade,751000,https://www.instagram.com/reel/DO\_ZqDGDIQT/?igsh=NnpjcDRhcTFoaHRl,119000,2865,815,1150,27,مردم ایران فریب نخورید. بزرگترین زلزله اقتصادی تا شش مهر ماه قراره اتفاق بیفته. رهبری که گفت مذاکره با آمریکا شایسته نیست و غنی‌سازی رو متوقف نمی‌کنیم. جوری که با این حرف هرچی شک و شبهه بود از بین رفت و دلار احتمالا زیر صد  تومن و دو رقمی شدن رو نبینه. ازتون خواهش می‌کنم تو این شرایط این سه توصیه رو جدی بگیرید. یک، اگه شغلی دارید که از حقوقش راضی نیستید به خاطر اختلاف یکی دو میلیون کار رو ول نکنید چون شرکت‌ها  هم وضعیت آینده خودشون رو نمی‌دونن. دو، اگه سرمایه دارید و می‌خواید کسب و کاری راه بندازید فعلا دست نگه دارید چون الان داریم وارد شرایط رکود می‌شیم و مثل قبل نمی‌تونی به راحتی از کاسبی سود بگیری.  و سوم، اگه کیف پول ارز دیجیتال دارید مراقب باشید چون با برگشت تحریم‌ها احتمال مسدود کردن دارایی ایرانی‌ها وجود داره. پس حتما از VPN و IP ثابت استفاده کنید یا حتی از ولت‌های فیزیکی. فراموش نکنید تو همین شرایط با یک تصمیم درست  می‌تونید حداقل ده سال از تورم جلو بیفتید، سرمایه‌ت رو حفظ کنید و هم به سود برسید. برای اینکه بدونی بهترین مسیر سرمایه‌گذاری الان چیه که کم ریسک و سود بیشتر داشته باشه، پیج رو دنبال کن و عدد بیست  رو برام بنویس و دایرکتتو چک کن
amir_atmani,100000,https://www.instagram.com/reel/DPq7JynCKtu/?igsh=OTV5bmMxeTRpMXhy,1900000,44100,9283,28300,300,بریم ببینیم هزینه چیدن یه setup خوب برای ترید چقدر میشه.//محتوای جذاب و نشان دادن هزینه ها
amir_atmani,100000,https://www.instagram.com/reel/DN7uF2RjGpx/?igsh=dWo4ZnljYzl6OGEy,423000,11600,17500,6041,57,من یه ترایدرم. دیروز رفتم بازار یه لپ‌تاپ مناسب کارم پیدا کنم و دست رو هرچی می‌ذاشتم قیمتش پنجاه، صد، صد و پنجاه بود. دیدم واقعا نمی‌صرفه برای یه ترید کردن یا  کار سبک روزمره تو بخوای این همه هزینه برای لپ‌تاپ کنی و برای لپ‌تاپی که می‌خوای باهاش ترید کنی این دو تا ویژگی رو اگر داشته باشه کافیه. یک اینکه صفحه نمایشش باکیفیت باشه چون طی  روز تو قراره تایم زیادی رو به صفحه نگاه کنی و دو اینکه باتری زیاد نگه داره که این دو تاشو داره. هم صفحه‌ش 2K هست هم اگه مداوم باهاش کار کنی هفت هشت ساعت برات باتری نگه می‌داره.  و من اومدم لپ‌تاپ‌های مشابه اینو که این قیمتش خیلی هم زیاد نیست، رم هشته دویست و پنجاه و شش گیگشو اگه بخوای پیدا کنی تو بازار هفده هجده تومن بیست تومنه. من اومدم یه لیست از لپ‌تاپ‌هایی که قیمتاشون مناسبه  و کیفیت خوب دارن و کارایی‌شون بالاست براتون درآوردم که عدد هفتاد و هشت رو بفرستی عکس و مشخصات و قیمت و هر چیزی که نیازه برات می‌فرستم که بتونی به نسبت بودجه‌ای که داری برای ترید کردنت تهیه کنی.  موفق باشی.
